id,PLOT,SPECIES,COVER
1,BE1,Ageratina tinifolia,2
2,BE1,Bacharis tricuneata,3
3,BE1,Blechnum loxense,2
4,BE1,Breutelia chrysea ,3
5,BE1,Campylopus trivialis,2
6,BE1,Carex pygmaea,6
7,BE1,Commelina sp,2
8,BE1,Diplostephium sp2,2
9,BE1,Eriosorus sp,2
10,BE1,Hydrocotile sp,2
11,BE1,Hypochaeris taraxacifolia,2
12,BE1,Juncus effusus,2
13,BE1,Lachemilla mandoniana,2
14,BE1,Lachemilla nivalis,2
15,BE1,Lachemilla sp,2
16,BE1,Nertera granadensis,3
17,BE1,Paepalanthus colombianus,2
18,BE1,Paspalum hirtum,2
19,BE1,Riccardia paramorum,4
20,BE1,Sphagnum magellanicum,5
21,BE1,Sphagnum sancto-josephense,8
22,BE1,Straminergon stramineum,4
23,BE1,Taraxacum officinalis,2
24,BE11,Allobiella campanensis,3
25,BE11,Arachniopsis coactilis,2
26,BE11,Breutelia chrysea ,2
27,BE11,Calamagrostis effussa,18
28,BE11,Calypogeia rhombifolia,6
29,BE11,Campylopus nivalis,6
30,BE11,Castratella pilloseroides,2
31,BE11,Cephalozia sp,3
32,BE11,Chusquea tessellata,2
33,BE11,Cortaderia nitida,2
34,BE11,Diplostephium sp2,2
35,BE11,Gentiana sedifolia,2
36,BE11,Gentianella sp,2
37,BE11,Hypochaeris sp,2
38,BE11,Isoetes sp,2
39,BE11,Juncus breviculmis,10
40,BE11,Juncus effusus,2
41,BE11,Kurzia capillaris,2
42,BE11,Lycopodiella glaucescens,4
43,BE11,Paepalanthus colombianus,2
44,BE11,Puya roldanii,2
45,BE11,Selaginella sp,2
46,BE11,Sisyrinchium sp,2
47,BE11,Sphaerothecium phascoideum,4
48,BE11,Sphagnum lescurii,2
49,BE11,Sphagnum sancto-josephense,8
50,BE11,Symphyogyna podophylla,13
51,BE11,Xyris subulata,2
52,BE12,Allobiella campanensis,2
53,BE12,Blechnum loxense,2
54,BE12,Breutelia chrysea ,4
55,BE12,Calamagrostis effussa,13
56,BE12,Calypogeia rhombifolia,3
57,BE12,Campylopus cuspidatus,3
58,BE12,Chusquea tessellata,2
59,BE12,Cortaderia nitida,2
60,BE12,Diplostephium romeroi,3
61,BE12,Diplostephium sp2,2
62,BE12,Gentiana sedifolia,2
63,BE12,Hypnum cupressiforme,3
64,BE12,Hypochaeris sp,2
65,BE12,Isoetes sp,3
66,BE12,Juncus effusus,2
67,BE12,Paepalanthus colombianus,4
68,BE12,Pernettya prostrata,2
69,BE12,Pilopogon longirostris,2
70,BE12,Puya roldanii,2
71,BE12,Riccardia paramorum,2
72,BE12,Sisyrinchium sp,2
73,BE12,Sphagnum cf antioquensis,2
74,BE12,Sphagnum cf falcatulum Besch.,10
75,BE12,Sphagnum oxyphyllum,9
76,BE12,Symphyogyna brongniartii,2
77,BE13,Breutelia chrysea ,2
78,BE13,Calamagrostis effussa,2
79,BE13,Calypogeia rhombifolia,1
80,BE13,Campylopus nivalis,1
81,BE13,Carex sp,11
82,BE13,Cortaderia nitida,2
83,BE13,Hypochaeris sp,2
84,BE13,Hypochaeris sp2,3
85,BE13,Lycopodiella glaucescens,5
86,BE13,Paepalanthus colombianus,2
87,BE13,Sisyrinchium sp,2
88,BE13,Sphagnum cf falcatulum Besch.,19
89,BE2,Breutelia chrysea ,4
90,BE2,Bryum laevigatum,1
91,BE2,Carex sp,5
92,BE2,Cephalozia sp,1
93,BE2,Cortaderia nitida,5
94,BE2,Diplostephium sp2,5
95,BE2,Hydrocotile sp,1
96,BE2,Hypochaeris taraxacifolia,1
97,BE2,Isotachis multiceps,2
98,BE2,Juncus effusus,1
99,BE2,Lachemilla nivalis,3
100,BE2,Nertera granadensis,1
101,BE2,Paepalanthus colombianus,1
102,BE2,Paspalum hirtum,1
103,BE2,Philonotis longiseta,1
104,BE2,Riccardia paramorum,1
105,BE2,Sphagnum oxyphyllum,1
106,BE2,Sphagnum sancto-josephense,15
107,BE3,Breutelia chrysea ,8
108,BE3,Calamagrostis effussa,8
109,BE3,Carex sp,1
110,BE3,Cortaderia nitida,1
111,BE3,Hydrocotile sp,1
112,BE3,Isotachis multiceps,3
113,BE3,Juncus effusus,3
114,BE3,Nertera granadensis,1
115,BE3,Paepalanthus colombianus,1
116,BE3,Paspalum hirtum,1
117,BE3,Riccardia paramorum,1
118,BE3,Rubus sp,1
119,BE3,Sphagnum sancto-josephense,8
120,BE3,Taraxacum officinalis,1
121,BE3,Xyris subulata,1
122,BE4,Ageratina tinifolia,4
123,BE4,Blechnum loxense,1
124,BE4,Brachytecium austroglareosum,1
125,BE4,Breutelia chrysea ,9
126,BE4,Calamagrostis effussa,1
127,BE4,Campylopus nivalis,1
128,BE4,Carex sp,11
129,BE4,Cortaderia nitida,3
130,BE4,Eriosorus sp,1
131,BE4,Hydrocotile sp,1
132,BE4,Hypnum cupressiforme,1
133,BE4,Juncus effusus,1
134,BE4,Lachemilla nivalis,1
135,BE4,Lachemilla sp,1
136,BE4,Lophocolea sp,1
137,BE4,Nertera granadensis,1
138,BE4,Paepalanthus colombianus,1
139,BE4,Paspalum hirtum,3
140,BE4,Pteris sp,1
141,BE4,Riccardia paramorum,4
142,BE4,Sphagnum sancto-josephense,6
143,BE4,Straminergon stramineum,1
144,BE5,Bartsia sp,1
145,BE5,Blechnum loxense,1
146,BE5,Breutelia chrysea ,1
147,BE5,Calypogeia rhombifolia,1
148,BE5,Campylopus richardii,1
149,BE5,Cortaderia nitida,10
150,BE5,Lycopodiella glaucescens,1
151,BE5,Paepalanthus colombianus,4
152,BE5,Pentacalia vaccinioides,1
153,BE5,Sphagnum sancto-josephense,6
154,BE5,Xyris subulata,1
155,BE6,Arachniopsis coactilis,1
156,BE6,Calamagrostis effussa,13
157,BE6,Calypogeia rhombifolia,3
158,BE6,Campylopus nivalis,2
159,BE6,Carex pygmaea,1
160,BE6,Cephalozia sp,3
161,BE6,Jamesoniella rubricaulis,1
162,BE6,Lycopodiella glaucescens,1
163,BE6,Paepalanthus colombianus,3
164,BE6,Paepalanthus lodicoloides,3
165,BE6,Pentacalia vaccinioides,4
166,BE6,Puya roldanii,1
167,BE6,Sphagnum sancto-josephense,6
168,BE6,Xyris subulata,1
169,BE7,Bacharis tricuneata,1
170,BE7,Breutelia chrysea ,1
171,BE7,Calamagrostis effussa,21
172,BE7,Campylopus nivalis,4
173,BE7,Chusquea tessellata,3
174,BE7,Eriosorus sp,1
175,BE7,Juncus effusus,1
176,BE7,Lycopodiella glaucescens,3
177,BE7,Nertera granadensis,5
178,BE7,Riccardia paramorum,8
179,BE7,Selaginella sp,3
180,BE7,Sphagnum sancto-josephense,18
181,BE7,Xyris subulata,1
182,BE8,Ageratina tinifolia,1
183,BE8,Carex pygmaea,3
184,BE8,Hydrocotile sp,1
185,BE8,Juncus effusus,4
186,BE8,Lycopodiella glaucescens,1
187,BE8,Nertera granadensis,1
188,BE8,Paepalanthus lodicoloides,3
189,BE8,Sphagnum sancto-josephense,20
190,BE9,Ageratina tinifolia,1
191,BE9,Bacharis tricuneata,1
192,BE9,Calamagrostis effussa,13
193,BE9,Carex pygmaea,1
194,BE9,Juncus effusus,3
195,BE9,Lachemilla nivalis,1
196,BE9,Nertera granadensis,8
197,BE9,Paepalanthus lodicoloides,4
198,BE9,Riccardia paramorum,3
199,BE9,Sphagnum cf falcatulum Besch.,5
200,BE9,Sphagnum sancto-josephense,20
201,CHI1,Arcytophyllum muticum,1
202,CHI1,Breutelia chrysea ,9
203,CHI1,Cortaderia nitida,5
204,CHI1,Diplostephium revolutum,4
205,CHI1,Hypericum juniperinum,1
206,CHI1,Hypnum cupressiforme,1
207,CHI1,lachemilla orbicularis,5
208,CHI1,Paepalanthus colombianus,3
209,CHI1,Pentacalia vaccinioides,3
210,CHI1,Pleurozium schreberi,7
211,CHI1,Sphagnum cf falcatulum Besch.,9
212,CHI1,Sphagnum cundinamarcanum,6
213,CHI1,Sphagnum magellanicum,1
214,CHI10,Atractylocarpus longisetus,5
215,CHI10,Blechnum loxense,3
216,CHI10,Breutelia chrysea ,8
217,CHI10,Calamagrostis effussa,13
218,CHI10,Campylopus cuspidatus,6
219,CHI10,Carex bomplandii,4
220,CHI10,Hypericum muticum,3
221,CHI10,Hypericum myricaefolium,1
222,CHI10,Paepalanthus colombianus,1
223,CHI10,Pernettya prostrata,9
224,CHI10,Pleurozium schreberi,11
225,CHI10,Puya goudutiana,1
226,CHI10,Rhynchospora oreoboloidea,3
227,CHI10,Riccardia paramorum,1
228,CHI10,Sphagnum magellanicum,3
229,CHI10,Sphagnum sancto-josephense,14
230,CHI11,Arachniopsis coactilis,1
231,CHI11,Atractylocarpus longisetus,1
232,CHI11,Blechnum loxense,1
233,CHI11,Breutelia chrysea ,8
234,CHI11,Campylopus cuspidatus,4
235,CHI11,Campylopus pauper,1
236,CHI11,Carex bomplandii,11
237,CHI11,Halenia gunerifolia,4
238,CHI11,Hypericum myricaefolium,1
239,CHI11,lachemilla orbicularis,1
240,CHI11,Paepalanthus colombianus,3
241,CHI11,Pernettya prostrata,5
242,CHI11,Pleurozium schreberi,9
243,CHI11,Polytrichum commune,4
244,CHI11,Puya goudutiana,1
245,CHI11,Rhynchospora oreoboloidea,1
246,CHI11,Riccardia paramorum,3
247,CHI11,Sphagnum magellanicum,9
248,CHI11,Sphagnum sancto-josephense,11
249,CHI2,Breutelia chrysea ,9
250,CHI2,Chusquea tessellata,1
251,CHI2,Cortaderia nitida,20
252,CHI2,Crassula venezulensis,3
253,CHI2,Drepanocladus aduncus,5
254,CHI2,Galium ascendens,4
255,CHI2,Hydrocotile sp,3
256,CHI2,Hypnum cupressiforme,9
257,CHI2,Lachemilla nivalis,5
258,CHI2,lachemilla orbicularis,5
259,CHI2,Pleurozium schreberi,3
260,CHI2,Rhynchospora oreoboloidea,1
261,CHI2,Sphagnum sancto-josephense,9
262,CHI3,Arcytophyllum muticum,1
263,CHI3,Breutelia chrysea ,8
264,CHI3,Campylopus pauper,1
265,CHI3,Cortaderia nitida,3
266,CHI3,Crassula venezulensis,1
267,CHI3,Drepanocladus aduncus,1
268,CHI3,Drepanocladus longifolius,1
269,CHI3,Escallonia myrtilloides,6
270,CHI3,Galium ascendens,5
271,CHI3,Galium sp,1
272,CHI3,Pohlia papillosa,1
273,CHI3,Polytrichum commune,10
274,CHI3,Ranunculus flageliformis,4
275,CHI3,Rhynchospora oreoboloidea,6
276,CHI3,Sphagnum angustifolium,9
277,CHI3,Straminergon stramineum,2
278,CHI4,Breutelia chrysea ,8
279,CHI4,Bryum laevigatum,5
280,CHI4,Campylopus pauper,10
281,CHI4,Carex bomplandii,8
282,CHI4,Diplostephium revolutum,6
283,CHI4,Escallonia myrtilloides,1
284,CHI4,Fossombronia sp,4
285,CHI4,Galium ascendens,5
286,CHI4,Hydrocotile sp,3
287,CHI4,Marchantia polymorpha,3
288,CHI4,Nertera granadensis,3
289,CHI4,Noteroclada confluens,3
290,CHI4,Pentacalia vaccinioides,5
291,CHI4,Puya santonii,1
292,CHI4,Rhynchospora oreoboloidea,5
293,CHI4,Riccardia regina,1
294,CHI4,Sphagnum cf falcatulum Besch.,18
295,CHI5,Atractylocarpus longisetus,3
296,CHI5,Calamagrostis effussa,4
297,CHI5,Carex bomplandii,1
298,CHI5,Carex pygmaea,9
299,CHI5,Cephalozia sp,1
300,CHI5,Cortaderia nitida,3
301,CHI5,Diplostephium romeroi,3
302,CHI5,Espeletia grandiflora,3
303,CHI5,Hypericum juniperinum,1
304,CHI5,Rhynchospora oreoboloidea,3
305,CHI5,Riccardia paramorum,1
306,CHI5,Sphagnum cf falcatulum Besch.,25
307,CHI5,Sphagnum sancto-josephense,1
308,CHI6,Atractylocarpus longisetus,3
309,CHI6,Breutelia chrysea ,6
310,CHI6,Campylopus pauper,3
311,CHI6,Carex bomplandii,13
312,CHI6,Diplostephium revolutum,1
313,CHI6,Hypericum juniperinum,1
314,CHI6,Hypericum muticum,3
315,CHI6,Hypnum cupressiforme,3
316,CHI6,Lophocolea sp,1
317,CHI6,Nertera granadensis,1
318,CHI6,Pentacalia vaccinioides,4
319,CHI6,Pleurozium schreberi,5
320,CHI6,Sphagnum sancto-josephense,12
321,CHI7,Apiaceae sp,3
322,CHI7,Arcytophyllum muticum,5
323,CHI7,Breutelia chrysea ,4
324,CHI7,Calamagrostis effussa,1
325,CHI7,Campylopus pauper,1
326,CHI7,Carex bomplandii,3
327,CHI7,Equisetum bogotensis,1
328,CHI7,Espeletia grandiflora,1
329,CHI7,Galium ascendens,6
330,CHI7,Hydrocotile sp,3
331,CHI7,Hypericum juniperinum,1
332,CHI7,Hypericum muticum,4
333,CHI7,Hypnum cupressiforme,1
334,CHI7,Pleurozium schreberi,8
335,CHI7,Rhynchospora oreoboloidea,3
336,CHI7,Sphagnum capillifolium,3
337,CHI7,Sphagnum sancto-josephense,21
338,CHI8,Apiaceae sp,3
339,CHI8,Arcytophyllum muticum,3
340,CHI8,Blechnum loxense,1
341,CHI8,Breutelia chrysea ,9
342,CHI8,Bryum laevigatum,3
343,CHI8,Calamagrostis effussa,1
344,CHI8,Calypogeia rhombifolia,4
345,CHI8,Campylopus cuspidatus,8
346,CHI8,Campylopus pauper,1
347,CHI8,Carex bomplandii,13
348,CHI8,Cephalozia sp,1
349,CHI8,Escallonia myrtilloides,1
350,CHI8,Halenia gunerifolia,1
351,CHI8,Hypericum juniperinum,2
352,CHI8,Hypericum myricaefolium,1
353,CHI8,Hypnum cupressiforme,3
354,CHI8,Lachemilla nivalis,3
355,CHI8,Leptodontium luteum,4
356,CHI8,Nertera granadensis,8
357,CHI8,Pernettya prostrata,3
358,CHI8,Pleurozium schreberi,5
359,CHI8,Puya santonii,4
360,CHI8,Rhynchospora oreoboloidea,11
361,CHI8,Riccardia paramorum,6
362,CHI8,Sphagnum sancto-josephense,4
363,CHI9,Arachniopsis coactilis,1
364,CHI9,Breutelia chrysea ,10
365,CHI9,Campylopus cuspidatus,3
366,CHI9,Carex bomplandii,13
367,CHI9,Crassula venezulensis,1
368,CHI9,lachemilla orbicularis,1
369,CHI9,Pernettya prostrata,8
370,CHI9,Pleurozium schreberi,16
371,CHI9,Polytrichum commune,8
372,CHI9,Puya goudutiana,1
373,CHI9,Rhynchospora oreoboloidea,6
374,CHI9,Riccardia paramorum,1
375,CHI9,Sphagnum magellanicum,4
376,CHI9,Sphagnum sancto-josephense,10
377,COC1,Anastrophyllum nigrescens,4
378,COC1,Aneura pinguis,6
379,COC1,Apiaceae sp2,5
380,COC1,Apiaceae sp3,1
381,COC1,Breutelia chrysea ,8
382,COC1,Bryum argenteum,1
383,COC1,Calamagrostis effussa,1
384,COC1,Campylopus nivalis,10
385,COC1,Cerastium sp,3
386,COC1,Distichia muscoides,19
387,COC1,Fossombronia peruviana,3
388,COC1,Huperzia crassa,3
389,COC1,Hypnum cupressiforme,1
390,COC1,Lachemilla nivalis,1
391,COC1,Lophozia sp2,6
392,COC1,Marchantia berteroana,8
393,COC1,Nardia succulenta,1
394,COC1,Pernettya prostrata,1
395,COC1,Pleurozium schreberi,1
396,COC1,Rhynchospora oreoboloidea,1
397,COC1,Riccardia paramorum,10
398,COC1,Riccardia regina,1
399,COC1,Senecio formosoides,1
400,COC1,Straminergon stramineum,3
401,COC1,Warnstorfia exannulata,5
402,COC10,Aneura pinguis,1
403,COC10,Breutelia chrysea ,5
404,COC10,Bryum alpinum,3
405,COC10,Bryum argenteum,4
406,COC10,Campylopus cuspidatus,4
407,COC10,Cerastium sp,3
408,COC10,Distichia muscoides,20
409,COC10,Huperzia crassa,1
410,COC10,Hypochaeris sessiliflora,3
411,COC10,Jungermannia sp,4
412,COC10,Lachemilla sp,1
413,COC10,Pleurozium schreberi,3
414,COC10,Riccardia paramorum,4
415,COC10,Senecio formosoides,1
416,COC10,Warnstorfia exannulata,5
417,COC10,Werneria pygmaea,4
418,COC11,Anastrophyllum nigrescens,1
419,COC11,Breutelia chrysea ,6
420,COC11,Campylopus nivalis,9
421,COC11,Campylopus richardii,3
422,COC11,Carex sp2,1
423,COC11,Cerastium sp,6
424,COC11,Cortaderia nitida,1
425,COC11,Distichia muscoides,24
426,COC11,Huperzia crassa,1
427,COC11,Hypericum juniperinum,1
428,COC11,Jungermannia sp,10
429,COC11,Lachemilla nivalis,1
430,COC11,Lophozia sp2,3
431,COC11,Pleurozium schreberi,3
432,COC11,Rhynchospora oreoboloidea,3
433,COC11,Riccardia paramorum,9
434,COC11,Senecio formosoides,1
435,COC11,Viola sp,3
436,COC11,Warnstorfia exannulata,11
437,COC12,Anastrophyllum nigrescens,10
438,COC12,Breutelia chrysea ,5
439,COC12,Calamagrostis effussa,1
440,COC12,Campylopus nivalis,8
441,COC12,Carex pygmaea,3
442,COC12,Distichia muscoides,23
443,COC12,Espeletia lopezii,1
444,COC12,Floscaldasia sp,4
445,COC12,Hypochaeris sessiliflora,5
446,COC12,Hypochaeris sp,1
447,COC12,Jungermannia sp,9
448,COC12,Lachemilla nivalis,3
449,COC12,Pernettya prostrata,3
450,COC12,Pleurozium schreberi,5
451,COC12,Polytrichum commune,1
452,COC12,Pseudocephalozia quadriloba,5
453,COC12,Rhacoccarpus purpurascens,3
454,COC12,Rhynchospora oreoboloidea,1
455,COC12,Riccardia paramorum,10
456,COC12,Riccardia regina,4
457,COC13,Anastrophyllum nigrescens,8
458,COC13,Aneura pinguis,3
459,COC13,Calamagrostis effussa,2
460,COC13,Campylopus nivalis,3
461,COC13,Distichia muscoides,13
462,COC13,Espeletia lopezii,1
463,COC13,Floscaldasia sp,1
464,COC13,Hypochaeris sessiliflora,5
465,COC13,Hypochaeris sp,1
466,COC13,Isotachis multiceps,9
467,COC13,Jungermannia sp,1
468,COC13,Lophozia sp2,3
469,COC13,Loricaria complanata,1
470,COC13,Pseudocephalozia quadriloba,3
471,COC13,Riccardia paramorum,10
472,COC13,Riccardia regina,1
473,COC13,Sphagnum cyclophyllum,3
474,COC13,Werneria pygmaea,15
475,COC14,Calamagrostis effussa,3
476,COC14,Distichia muscoides,20
477,COC14,Isotachis multiceps,11
478,COC14,Rhynchospora oreoboloidea,1
479,COC14,Sphagnum pylaesii,3
480,COC14,Xenophyllum humile,10
481,COC2,Anastrophyllum nigrescens,5
482,COC2,Apiaceae sp2,3
483,COC2,Breutelia chrysea ,8
484,COC2,Calamagrostis effussa,3
485,COC2,Campylopus cuspidatus,3
486,COC2,Campylopus nivalis,10
487,COC2,Campylopus richardii,1
488,COC2,Cerastium sp,1
489,COC2,Distichia muscoides,16
490,COC2,Huperzia crassa,1
491,COC2,Jungermannia sp,3
492,COC2,Lophozia sp2,3
493,COC2,Marchantia berteroana,4
494,COC2,Marsupella sp,1
495,COC2,Pernettya prostrata,3
496,COC2,Pleurozium schreberi,3
497,COC2,Ribes sp,1
498,COC2,Riccardia regina,8
499,COC2,Senecio formosoides,1
500,COC2,Trichostomum brachydontium ,1
501,COC2,Warnstorfia exannulata,4
502,COC3,Apiaceae sp2,3
503,COC3,Campylopus cuspidatus,4
504,COC3,Campylopus richardii,1
505,COC3,Cerastium sp2,1
506,COC3,Distichia muscoides,25
507,COC3,Fossombronia peruviana,1
508,COC3,Pleurozium schreberi,4
509,COC3,Rhynchospora oreoboloidea,1
510,COC3,Riccardia regina,1
511,COC3,Sphagnum pylaesii,1
512,COC3,Trichostomum brachydontium ,4
513,COC4,Aneura pinguis,4
514,COC4,Apiaceae sp2,4
515,COC4,Campylopus cuspidatus,1
516,COC4,Campylopus richardii,3
517,COC4,Cerastium sp2,1
518,COC4,Distichia muscoides,23
519,COC4,Huperzia crassa,1
520,COC4,Pleurozium schreberi,6
521,COC4,Rhynchospora oreoboloidea,1
522,COC4,Riccardia paramorum,5
523,COC4,Trichostomum brachydontium ,1
524,COC4,Werneria pygmaea,5
525,COC5,Anastrophyllum nigrescens,3
526,COC5,Calamagrostis effussa,1
527,COC5,Campylopus cuspidatus,5
528,COC5,Carex sp2,3
529,COC5,Cephalozia sp2,1
530,COC5,Distichia muscoides,8
531,COC5,Entodon sp,1
532,COC5,Espeletia lopezii,1
533,COC5,Hypochaeris sp,2
534,COC5,Isotachis multiceps,8
535,COC5,Pernettya prostrata,2
536,COC5,Riccardia paramorum,9
537,COC5,Symphyogyna brasiliensis,1
538,COC5,Warnstorfia exannulata,1
539,COC5,Werneria pygmaea,5
540,COC6,Anastrophyllum nigrescens,8
541,COC6,Bacharis sp2,3
542,COC6,Breutelia chrysea ,8
543,COC6,Calamagrostis effussa,1
544,COC6,Campylopus cuspidatus,6
545,COC6,Carex pygmaea,9
546,COC6,Distichia muscoides,21
547,COC6,Espeletia lopezii,1
548,COC6,Huperzia crassa,1
549,COC6,Jungermannia sp,1
550,COC6,Pentacalia vaccinioides,4
551,COC6,Pernettya prostrata,2
552,COC6,Pseudocephalozia quadriloba,4
553,COC6,Rhynchospora oreoboloidea,1
554,COC6,Riccardia paramorum,6
555,COC6,Symphyogyna brasiliensis,1
556,COC6,Trichostomum brachydontium ,1
557,COC7,Anastrophyllum nigrescens,1
558,COC7,Campylopus richardii,8
559,COC7,Carex pygmaea,1
560,COC7,Distichia muscoides,11
561,COC7,Espeletia lopezii,1
562,COC7,Huperzia crassa,1
563,COC7,Hypericum juniperinum,2
564,COC7,Hypochaeris sp,1
565,COC7,Isotachis multiceps,11
566,COC7,Jungermannia sp,1
567,COC7,Pseudocephalozia quadriloba,1
568,COC7,Rhacoccarpus purpurascens,6
569,COC7,Rhynchospora oreoboloidea,1
570,COC7,Riccardia paramorum,8
571,COC7,Symphyogyna brasiliensis,3
572,COC7,Werneria pygmaea,5
573,COC8,Anastrophyllum nigrescens,5
574,COC8,Aneura pinguis,1
575,COC8,Apiaceae sp2,5
576,COC8,Breutelia chrysea ,11
577,COC8,Bryum argenteum,3
578,COC8,Calamagrostis effussa,1
579,COC8,Campylopus nivalis,5
580,COC8,Campylopus richardii,1
581,COC8,Cerastium sp,6
582,COC8,Cerastium sp2,2
583,COC8,Clasmatocolea sp,1
584,COC8,Distichia muscoides,20
585,COC8,Fossombronia peruviana,5
586,COC8,Huperzia crassa,1
587,COC8,Hymenostylium recurvirostrum,3
588,COC8,Hypericum juniperinum,1
589,COC8,Jungermannia sp,1
590,COC8,Lachemilla nivalis,1
591,COC8,lachemilla orbicularis,2
592,COC8,Lophozia sp,1
593,COC8,Lophozia sp2,4
594,COC8,Nertera granadensis,1
595,COC8,Pernettya prostrata,1
596,COC8,Pleurozium schreberi,6
597,COC8,Pseudocephalozia quadriloba,1
598,COC8,Rhynchospora oreoboloidea,1
599,COC8,Riccardia paramorum,4
600,COC8,Riccardia regina,5
601,COC8,Straminergon stramineum,4
602,COC8,Valeriana plantaginaceae,2
603,COC8,Werneria pygmaea,11
604,COC9,Aneura pinguis,3
605,COC9,Breutelia chrysea ,15
606,COC9,Bryum alpinum,4
607,COC9,Bryum argenteum,3
608,COC9,Calamagrostis effussa,3
609,COC9,Calamagrostis fibrovaginata,6
610,COC9,Campylopus cuspidatus,1
611,COC9,Campylopus nivalis,1
612,COC9,Campylopus richardii,1
613,COC9,Carex bomplandii,11
614,COC9,Carex sp2,18
615,COC9,Cerastium sp,1
616,COC9,Drepanocladus aduncus,4
617,COC9,Espeletia lopezii,3
618,COC9,Fossombronia peruviana,1
619,COC9,Gnaphalium paramonum,8
620,COC9,Lachemilla nivalis,4
621,COC9,Lachemilla sp2,4
622,COC9,Leptodontium flexifolium,1
623,COC9,Lophozia sp,5
624,COC9,Lophozia sp2,3
625,COC9,Myriophyllum aquaticum,3
626,COC9,Pohlia papillosa,1
627,COC9,Ranunculus flageliformis,8
628,COC9,Rhynchospora oreoboloidea,11
629,COC9,Ribes sp,2
630,COC9,Riccardia paramorum,6
631,COC9,Senecio formosoides,1
632,COC9,Straminergon stramineum,3
633,COC9,Thuidium peruvianum,1
634,COC9,Warnstorfia exannulata,4
635,DUE1,Bartsia sp,1
636,DUE1,Breutelia chrysea ,5
637,DUE1,Calamagrostis effussa,4
638,DUE1,Campylopus cuspidatus,1
639,DUE1,Cortaderia nitida,3
640,DUE1,Ditrichum rufescens,3
641,DUE1,Espeletia occidentalis,8
642,DUE1,Hypericum juniperinum,3
643,DUE1,Hypochaeris sp,1
644,DUE1,Jamesoniella rubricaulis,4
645,DUE1,Kurzia capillaris,1
646,DUE1,Oreobolus cleefi,3
647,DUE1,Oreobolus sp,16
648,DUE1,Paepalanthus colombianus,6
649,DUE1,Pernettya prostrata,11
650,DUE1,Rhacoccarpus purpurascens,6
651,DUE1,Rhynchospora oreoboloidea,11
652,DUE1,Riccardia regina,3
653,DUE1,Sphagnum sancto-josephense,1
654,DUE1,Sphagnum tenerum,6
655,DUE1,Valeriana plantaginaceae,9
656,DUE2,Breutelia chrysea ,1
657,DUE2,Bryum laevigatum,3
658,DUE2,Carex bomplandii,23
659,DUE2,Carex pygmaea,20
660,DUE2,Cortaderia nitida,1
661,DUE2,Halenia gunerifolia,1
662,DUE2,Hypericum juniperinum,1
663,DUE2,Hypochaeris sessiliflora,10
664,DUE2,Hypochaeris sp,1
665,DUE2,Hypochaeris sp2,1
666,DUE2,Loricaria complanata,1
667,DUE2,Lycopodiella glaucescens,1
668,DUE2,Oreobolus sp,5
669,DUE2,Pernettya prostrata,4
670,DUE2,Rhacoccarpus purpurascens,6
671,DUE2,Rhynchospora oreoboloidea,11
672,DUE2,Riccardia paramorum,6
673,DUE2,Sematophyllum swartzii,3
674,DUE2,Straminergon stramineum,1
675,DUE2,Valeriana plantaginaceae,4
676,DUE2,Werneria sp2,8
677,DUE3,Calamagrostis effussa,1
678,DUE3,Campylopus nivalis,4
679,DUE3,Carex pygmaea,3
680,DUE3,Disterigma alaternoides,1
681,DUE3,Espeletia occidentalis,4
682,DUE3,Gentiana sedifolia,1
683,DUE3,Hypericum juniperinum,1
684,DUE3,Hypochaeris sessiliflora,4
685,DUE3,Hypochaeris sp2,1
686,DUE3,Hypochaeris sp5,4
687,DUE3,Jamesoniella rubricaulis,5
688,DUE3,Oreobolus sp,5
689,DUE3,Pernettya prostrata,11
690,DUE3,Rhacoccarpus purpurascens,20
691,DUE3,Rhynchospora oreoboloidea,10
692,DUE3,Sphagnum sancto-josephense,18
693,DUE3,Valeriana plantaginaceae,1
694,DUE4,Bartsia sp,1
695,DUE4,Campylopus nivalis,4
696,DUE4,Carex pygmaea,3
697,DUE4,Espeletia occidentalis,5
698,DUE4,Gentiana sedifolia,1
699,DUE4,Hypericum juniperinum,1
700,DUE4,Hypochaeris sessiliflora,5
701,DUE4,Hypochaeris sp,1
702,DUE4,Jamesoniella rubricaulis,9
703,DUE4,Oreobolus sp,9
704,DUE4,Paepalanthus colombianus,1
705,DUE4,Pernettya prostrata,6
706,DUE4,Rhacoccarpus purpurascens,18
707,DUE4,Rhynchospora oreoboloidea,10
708,DUE4,Sphagnum sancto-josephense,14
709,DUE4,Valeriana plantaginaceae,1
710,DUE5,Breutelia chrysea ,1
711,DUE5,Calamagrostis effussa,3
712,DUE5,Campylopus nivalis,1
713,DUE5,Carex bomplandii,16
714,DUE5,Carex pygmaea,20
715,DUE5,Cortaderia nitida,3
716,DUE5,Diplostephium sp,1
717,DUE5,Hypochaeris sessiliflora,3
718,DUE5,Loricaria complanata,1
719,DUE5,Lycopodiella glaucescens,1
720,DUE5,Oreobolus sp,2
721,DUE5,Pernettya prostrata,6
722,DUE5,Radula sp,3
723,DUE5,Rhacoccarpus purpurascens,3
724,DUE5,Rhynchospora oreoboloidea,3
725,DUE5,Riccardia paramorum,1
726,DUE5,Sphagnum angustifolium,3
727,DUE5,Valeriana plantaginaceae,1
728,DUE5,Werneria sp2,6
729,DUE6,Breutelia chrysea ,6
730,DUE6,Calamagrostis effussa,2
731,DUE6,Campylopus cuspidatus,6
732,DUE6,Campylopus nivalis,6
733,DUE6,Carex bomplandii,20
734,DUE6,Carex pygmaea,18
735,DUE6,Cortaderia nitida,1
736,DUE6,Espeletia occidentalis,5
737,DUE6,Gentiana sedifolia,1
738,DUE6,Hypochaeris sp2,1
739,DUE6,Jamesoniella rubricaulis,3
740,DUE6,Paepalanthus colombianus,3
741,DUE6,Pentacalia vaccinioides,1
742,DUE6,Pernettya prostrata,8
743,DUE6,Pleurozium schreberi,6
744,DUE6,Rhacoccarpus purpurascens,3
745,DUE6,Riccardia columbica,5
746,DUE6,Riccardia paramorum,5
747,DUE6,Sphagnum oxyphyllum,3
748,DUE7,Agrostis hanckeana,1
749,DUE7,Breutelia chrysea ,3
750,DUE7,Campylopus nivalis,3
751,DUE7,Carex bomplandii,25
752,DUE7,Carex pygmaea,18
753,DUE7,Drepanocladus aduncus,5
754,DUE7,Espeletia occidentalis,2
755,DUE7,Hypochaeris sessiliflora,1
756,DUE7,Hypochaeris sp,1
757,DUE7,Loricaria complanata,1
758,DUE7,Oreobolus sp,3
759,DUE7,Paepalanthus colombianus,1
760,DUE7,Pentacalia vaccinioides,1
761,DUE7,Pernettya prostrata,3
762,DUE7,Rhacoccarpus purpurascens,1
763,DUE7,Rhynchospora oreoboloidea,8
764,DUE7,Riccardia paramorum,9
765,DUE7,Trachyxiphium steerei,13
766,DUE7,Valeriana plantaginaceae,1
767,DUE8,Apiaceae sp,3
768,DUE8,Breutelia chrysea ,5
769,DUE8,Bryum laevigatum,3
770,DUE8,Calamagrostis effussa,10
771,DUE8,Campylophyllum halleri,3
772,DUE8,Campylopus cuspidatus,1
773,DUE8,Campylopus nivalis,3
774,DUE8,Carex pygmaea,6
775,DUE8,Cortaderia nitida,3
776,DUE8,Diplostephium sp,1
777,DUE8,Equisetum bogotensis,1
778,DUE8,Espeletia occidentalis,1
779,DUE8,Huperzia crassa,1
780,DUE8,Lachemilla nivalis,1
781,DUE8,Lachemilla sp3,1
782,DUE8,Nertera granadensis,3
783,DUE8,Philonotis longiseta,5
784,DUE8,Pleurozium schreberi,14
785,DUE8,Riccardia paramorum,3
786,DUE8,Sphagnum angustifolium,10
787,DUE9,Breutelia chrysea ,3
788,DUE9,Calamagrostis effussa,9
789,DUE9,Campylopus nivalis,3
790,DUE9,Carex pygmaea,5
791,DUE9,Cortaderia nitida,1
792,DUE9,Diplostephium sp,1
793,DUE9,Equisetum bogotensis,1
794,DUE9,Espeletia occidentalis,1
795,DUE9,Pleurozium schreberi,3
796,DUE9,Sphagnum sancto-josephense,25
797,IGU1,Aneura pinguis,1
798,IGU1,Arcytophyllum muticum,8
799,IGU1,Bacharis revoluta,3
800,IGU1,Calamagrostis effussa,5
801,IGU1,Campylopus cuspidatus,3
802,IGU1,Carex bomplandii,16
803,IGU1,Carophyllaceae indet,1
804,IGU1,Espeletia grandiflora,1
805,IGU1,Gynoxis sp,1
806,IGU1,Halenia gunerifolia,1
807,IGU1,Hypericum juniperinum,1
808,IGU1,Hypericum mirtyfolium,1
809,IGU1,Hypnum cupressiforme,3
810,IGU1,lachemilla orbicularis,9
811,IGU1,Pernettya prostrata,3
812,IGU1,Plantago australis,1
813,IGU1,Pleurozium schreberi,5
814,IGU1,puya killipi,3
815,IGU1,Puya santonii,1
816,IGU1,Riccardia paramorum,5
817,IGU1,Sphagnum magellanicum,15
818,IGU1,Sphagnum oxyphyllum,1
819,IGU1,Sphagnum tenerum,4
820,IGU1,Valeriana plantaginaceae,3
821,IGU10,Arcitophyllum albidum,4
822,IGU10,Breutelia chrysea ,4
823,IGU10,Calamagrostis effussa,4
824,IGU10,Calamagrostis fibrovaginata,10
825,IGU10,Campylopus cuspidatus,6
826,IGU10,Campylopus richardii,1
827,IGU10,Campylopus sp,3
828,IGU10,Cardamine bonariensis,1
829,IGU10,Carex bomplandii,4
830,IGU10,Drepanocladus aduncus,3
831,IGU10,Espeletia grandiflora,8
832,IGU10,Gynoxis sp,1
833,IGU10,Halenia gunerifolia,3
834,IGU10,Hypericum myricaefolium,1
835,IGU10,Jamesoniella rubricaulis,3
836,IGU10,Juncus breviculmis,4
837,IGU10,lachemilla orbicularis,1
838,IGU10,Lophocolea sp,1
839,IGU10,Lophozia sp3,1
840,IGU10,Monina sp,1
841,IGU10,Nertera granadensis,1
842,IGU10,Noteroclada confluens,1
843,IGU10,Pernettya prostrata,6
844,IGU10,Polytrichum commune,1
845,IGU10,Puya goudutiana,5
846,IGU10,Puya santonii,1
847,IGU10,Ranunculus flageliformis,3
848,IGU10,Riccardia paramorum,4
849,IGU10,Sphagnum lescurii,3
850,IGU10,Sphagnum magellanicum,9
851,IGU10,Sphagnum sancto-josephense,8
852,IGU10,Valeriana plantaginaceae,1
853,IGU11,Arcitophyllum albidum,14
854,IGU11,Breutelia chrysea ,3
855,IGU11,Calamagrostis effussa,1
856,IGU11,Calamagrostis fibrovaginata,3
857,IGU11,Campylopus cuspidatus,10
858,IGU11,Campylopus nivalis,3
859,IGU11,Carex bomplandii,15
860,IGU11,Carex pygmaea,15
861,IGU11,Hypericum juniperinum,1
862,IGU11,Lophozia sp,1
863,IGU11,Pernettya prostrata,1
864,IGU11,Polytrichum commune,9
865,IGU11,Puya santonii,3
866,IGU11,Riccardia paramorum,8
867,IGU11,Sphagnum magellanicum,9
868,IGU11,Sphagnum sancto-josephense,14
869,IGU11,Valeriana plantaginaceae,3
870,IGU12,Arcitophyllum albidum,10
871,IGU12,Bacharis revoluta,1
872,IGU12,Blechnum loxense,1
873,IGU12,Campylopus cuspidatus,10
874,IGU12,Campylopus nivalis,1
875,IGU12,Cardamine bonariensis,1
876,IGU12,Carex bomplandii,10
877,IGU12,Carex pygmaea,6
878,IGU12,Cortaderia nitida,1
879,IGU12,Hypericum myricaefolium,1
880,IGU12,Isoetes sp,3
881,IGU12,Juncus breviculmis,3
882,IGU12,Pernettya prostrata,5
883,IGU12,Pleurozium schreberi,3
884,IGU12,Puya santonii,1
885,IGU12,Ranunculus flageliformis,3
886,IGU12,Riccardia paramorum,11
887,IGU12,Sphagnum magellanicum,4
888,IGU12,Sphagnum oxyphyllum,25
889,IGU12,Sphagnum sancto-josephense,3
890,IGU2,Aneura pinguis,4
891,IGU2,Arcytophyllum muticum,3
892,IGU2,Blechnum loxense,5
893,IGU2,Breutelia chrysea ,4
894,IGU2,Breutelia trianae,1
895,IGU2,Calamagrostis effussa,1
896,IGU2,Campylopus cuspidatus,3
897,IGU2,Campylopus nivalis,3
898,IGU2,Carex bomplandii,10
899,IGU2,Carex pichinchensis,1
900,IGU2,Cortaderia nitida,1
901,IGU2,Disterigma alaternoides,1
902,IGU2,Gongylanthus granatensis,1
903,IGU2,Hesperomeles sp,1
904,IGU2,Hypericum juniperinum,1
905,IGU2,Hypnum cupressiforme,1
906,IGU2,Jamesoniella rubricaulis,1
907,IGU2,Kurzia capillaris,1
908,IGU2,lachemilla orbicularis,3
909,IGU2,Lophocolea sp,1
910,IGU2,Metzgeria sinuata,1
911,IGU2,Pernettya prostrata,5
912,IGU2,Pleurozium schreberi,16
913,IGU2,Puya santonii,3
914,IGU2,Rhacoccarpus purpurascens,3
915,IGU2,Riccardia columbica,1
916,IGU2,Sphagnum lescurii,1
917,IGU2,Sphagnum magellanicum,18
918,IGU2,Sphagnum tenerum,6
919,IGU2,Valeriana plantaginaceae,1
920,IGU3,Aneura pinguis,5
921,IGU3,Arcytophyllum muticum,1
922,IGU3,Calamagrostis effussa,1
923,IGU3,Campylopus cuspidatus,10
924,IGU3,Campylopus nivalis,5
925,IGU3,Carex bomplandii,11
926,IGU3,Carex pichinchensis,1
927,IGU3,Cerastium arvense,1
928,IGU3,Disterigma alaternoides,1
929,IGU3,Espeletia grandiflora,1
930,IGU3,Gentiana sedifolia,1
931,IGU3,Halenia gunerifolia,3
932,IGU3,Hypericum juniperinum,1
933,IGU3,Juncus breviculmis,3
934,IGU3,lachemilla orbicularis,6
935,IGU3,Lepidozia macrocolea,1
936,IGU3,Lophocolea sp,1
937,IGU3,Lophozia sp,1
938,IGU3,Lysipomia sphagnophila,1
939,IGU3,Nertera granadensis,1
940,IGU3,Pernettya prostrata,8
941,IGU3,Pleurozium schreberi,5
942,IGU3,Puya santonii,1
943,IGU3,Riccardia paramorum,8
944,IGU3,Sphagnum cf falcatulum Besch.,3
945,IGU3,Sphagnum lescurii,11
946,IGU3,Sphagnum magellanicum,9
947,IGU3,Sphagnum pylaesii,11
948,IGU3,Valeriana plantaginaceae,2
949,IGU4,Arachniopsis coactilis,1
950,IGU4,Arcitophyllum albidum,5
951,IGU4,Blechnum loxense,1
952,IGU4,Campylopus cuspidatus,3
953,IGU4,Campylopus nivalis,1
954,IGU4,Carex bomplandii,6
955,IGU4,Carex pygmaea,4
956,IGU4,Cortaderia nitida,6
957,IGU4,Espeletia grandiflora,2
958,IGU4,Hypericum juniperinum,1
959,IGU4,Hypericum myricaefolium,1
960,IGU4,Pernettya prostrata,1
961,IGU4,Puya santonii,1
962,IGU4,Riccardia paramorum,4
963,IGU4,Sphagnum magellanicum,8
964,IGU4,Sphagnum oxyphyllum,21
965,IGU4,Sphagnum sancto-josephense,3
966,IGU5,Arcitophyllum albidum,5
967,IGU5,Bacharis revoluta,1
968,IGU5,Breutelia chrysea ,1
969,IGU5,Carex bomplandii,10
970,IGU5,Carex pygmaea,1
971,IGU5,Cortaderia nitida,6
972,IGU5,Drepanocladus aduncus,1
973,IGU5,Halenia gunerifolia,1
974,IGU5,Hypericum juniperinum,3
975,IGU5,Pernettya prostrata,4
976,IGU5,Polytrichum commune,3
977,IGU5,Puya santonii,3
978,IGU5,Riccardia paramorum,6
979,IGU5,Sphagnum magellanicum,8
980,IGU5,Sphagnum oxyphyllum,23
981,IGU5,Sphagnum sancto-josephense,8
982,IGU5,Valeriana plantaginaceae,1
983,IGU6,Aneura pinguis,3
984,IGU6,Breutelia chrysea ,4
985,IGU6,Campylopus nivalis,9
986,IGU6,Cardamine bonariensis,5
987,IGU6,Carex bomplandii,3
988,IGU6,Carex pygmaea,8
989,IGU6,Cortaderia nitida,4
990,IGU6,Espeletia grandiflora,8
991,IGU6,Muhlenbergia fastigiata,14
992,IGU6,Nertera granadensis,1
993,IGU6,Polytrichum commune,3
994,IGU6,Riccardia paramorum,8
995,IGU6,Sphagnum compactum,1
996,IGU6,Sphagnum magellanicum,3
997,IGU6,Sphagnum oxyphyllum,16
998,IGU6,Sphagnum sancto-josephense,6
999,IGU6,Sphagnum tenerum,1
1000,IGU6,Valeriana plantaginaceae,3
1001,IGU7,Arcitophyllum albidum,5
1002,IGU7,Breutelia chrysea ,4
1003,IGU7,Calamagrostis fibrovaginata,1
1004,IGU7,Campylopus cuspidatus,1
1005,IGU7,Campylopus nivalis,4
1006,IGU7,Cardamine bonariensis,1
1007,IGU7,Carex bomplandii,9
1008,IGU7,Carex pygmaea,1
1009,IGU7,Chusquea tessellata,4
1010,IGU7,Diplostephium revolutum,3
1011,IGU7,Espeletia grandiflora,6
1012,IGU7,Halenia gunerifolia,1
1013,IGU7,Hypericum juniperinum,1
1014,IGU7,Hypericum myricaefolium,1
1015,IGU7,Juncus breviculmis,1
1016,IGU7,Lepidozia macrocolea,1
1017,IGU7,Monina sp,2
1018,IGU7,Pernettya prostrata,5
1019,IGU7,Pleurozium schreberi,3
1020,IGU7,Puya santonii,1
1021,IGU7,Riccardia paramorum,10
1022,IGU7,Sphagnum cf falcatulum Besch.,19
1023,IGU7,Sphagnum oxyphyllum,11
1024,IGU7,Valeriana plantaginaceae,1
1025,IGU8,Aongstroemia filiformis,3
1026,IGU8,Arcitophyllum albidum,3
1027,IGU8,Bartsia sp,1
1028,IGU8,Bazzania sp,3
1029,IGU8,Breutelia chrysea ,10
1030,IGU8,Calamagrostis effussa,15
1031,IGU8,Campylopus cuspidatus,3
1032,IGU8,Campylopus nivalis,3
1033,IGU8,Campylopus richardii,3
1034,IGU8,Carex pygmaea,1
1035,IGU8,Cortaderia nitida,1
1036,IGU8,Diplostephium revolutum,3
1037,IGU8,Diplostephium sp1,2
1038,IGU8,Halenia gunerifolia,1
1039,IGU8,Hypericum juniperinum,1
1040,IGU8,Isotachis multiceps,1
1041,IGU8,Jamesoniella rubricaulis,11
1042,IGU8,lachemilla orbicularis,5
1043,IGU8,Lepidozia macrocolea,8
1044,IGU8,Leptoscyphus porphyrius,1
1045,IGU8,Paepalanthus colombianus,3
1046,IGU8,Pernettya prostrata,3
1047,IGU8,Puya santonii,3
1048,IGU8,Rhacoccarpus purpurascens,6
1049,IGU8,Riccardia paramorum,6
1050,IGU8,Sphagnum cf falcatulum Besch.,9
1051,IGU8,Sphagnum lescurii,4
1052,IGU8,Sphagnum magellanicum,5
1053,IGU9,Aneura pinguis,5
1054,IGU9,Arcitophyllum albidum,5
1055,IGU9,Arcytophyllum muticum,1
1056,IGU9,Breutelia chrysea ,13
1057,IGU9,Calamagrostis effussa,3
1058,IGU9,Calamagrostis fibrovaginata,1
1059,IGU9,Campylopus cuspidatus,4
1060,IGU9,Campylopus nivalis,3
1061,IGU9,Cortaderia nitida,8
1062,IGU9,Diplostephium revolutum,3
1063,IGU9,Espeletia grandiflora,5
1064,IGU9,Gynoxis sp,2
1065,IGU9,Halenia gunerifolia,1
1066,IGU9,Isotachis multiceps,1
1067,IGU9,lachemilla orbicularis,3
1068,IGU9,Lepidozia macrocolea,1
1069,IGU9,Leptoscyphus porphyrius,1
1070,IGU9,Lysipomia sphagnophila,8
1071,IGU9,Nertera granadensis,5
1072,IGU9,Pernettya prostrata,4
1073,IGU9,Riccardia paramorum,8
1074,IGU9,Sphagnum lescurii,4
1075,IGU9,Sphagnum magellanicum,11
1076,IGU9,Sphagnum sancto-josephense,8
1077,LAVE1,Arcytophyllum muticum,6
1078,LAVE1,Breutelia chrysea ,1
1079,LAVE1,Campylopus cuspidatus,3
1080,LAVE1,Campylopus nivalis,4
1081,LAVE1,Carex bomplandii,16
1082,LAVE1,Carex pygmaea,5
1083,LAVE1,Dicranum frigidum,1
1084,LAVE1,Diplostephium revolutum,1
1085,LAVE1,Espeletia argentea,1
1086,LAVE1,Geranium sibbaldioides,1
1087,LAVE1,Huperzia crassa,6
1088,LAVE1,Hypericum myricaefolium,1
1089,LAVE1,Isotachis multiceps,3
1090,LAVE1,Miconia sp,1
1091,LAVE1,Nertera granadensis,5
1092,LAVE1,Pernettya prostrata,6
1093,LAVE1,Pleurozium schreberi,6
1094,LAVE1,Puya goudutiana,5
1095,LAVE1,Riccardia paramorum,3
1096,LAVE1,Sphagnum magellanicum,13
1097,LAVE1,Sphagnum sancto-josephense,10
1098,LAVE1,Valeriana plantaginaceae,1
1099,LAVE2,Aragoa abietina,3
1100,LAVE2,Arcytophyllum muticum,8
1101,LAVE2,Blechnum loxense,1
1102,LAVE2,Breutelia chrysea ,6
1103,LAVE2,Campylopus cuspidatus,1
1104,LAVE2,Carex bomplandii,5
1105,LAVE2,Carex pygmaea,6
1106,LAVE2,Diplostephium revolutum,1
1107,LAVE2,Halenia gunerifolia,5
1108,LAVE2,Huperzia crassa,3
1109,LAVE2,Lysipomia sphagnophila,4
1110,LAVE2,Pernettya prostrata,9
1111,LAVE2,Pleurozium schreberi,16
1112,LAVE2,Puya goudutiana,6
1113,LAVE2,Riccardia paramorum,4
1114,LAVE2,Sphagnum magellanicum,13
1115,LAVE2,Sphagnum sancto-josephense,4
1116,LAVE2,Valeriana plantaginaceae,3
1117,LAVE3,Aragoa abietina,1
1118,LAVE3,Breutelia chrysea ,1
1119,LAVE3,Campylopus nivalis,2
1120,LAVE3,Carex pygmaea,6
1121,LAVE3,Espeletia grandiflora,5
1122,LAVE3,Halenia gunerifolia,3
1123,LAVE3,Hypericum myricaefolium,1
1124,LAVE3,Hypnum cupressiforme,1
1125,LAVE3,Lachemilla mandoniana,3
1126,LAVE3,Metzgeria sinuata,1
1127,LAVE3,Nertera granadensis,1
1128,LAVE3,Paepalanthus colombianus,1
1129,LAVE3,Pernettya prostrata,5
1130,LAVE3,Philonotis longiseta,1
1131,LAVE3,Pleurozium schreberi,11
1132,LAVE3,Pohlia elongata,4
1133,LAVE3,Puya goudutiana,1
1134,LAVE3,Rhodobryum longifolium,1
1135,LAVE3,Riccardia paramorum,5
1136,LAVE3,Sphagnum magellanicum,5
1137,LAVE3,Sphagnum sancto-josephense,15
1138,LAVE4,Aragoa abietina,1
1139,LAVE4,Blechnum loxense,3
1140,LAVE4,Breutelia chrysea ,5
1141,LAVE4,Campylopus cuspidatus,3
1142,LAVE4,Campylopus nivalis,6
1143,LAVE4,Carex pygmaea,6
1144,LAVE4,Espeletia grandiflora,1
1145,LAVE4,Hypericum juniperinum,1
1146,LAVE4,Hypnum cupressiforme,3
1147,LAVE4,Lachemilla mandoniana,5
1148,LAVE4,Pernettya prostrata,8
1149,LAVE4,Pleurozium schreberi,14
1150,LAVE4,Puya goudutiana,1
1151,LAVE4,Riccardia paramorum,8
1152,LAVE4,Sphagnum magellanicum,13
1153,LAVE4,Sphagnum sancto-josephense,8
1154,LAVE5,Aragoa abietina,1
1155,LAVE5,Arcytophyllum muticum,3
1156,LAVE5,Campylopus cuspidatus,3
1157,LAVE5,Campylopus nivalis,3
1158,LAVE5,Cortaderia nitida,5
1159,LAVE5,Huperzia crassa,1
1160,LAVE5,Jamesoniella rubricaulis,3
1161,LAVE5,Juncus breviculmis,6
1162,LAVE5,Paepalanthus colombianus,5
1163,LAVE5,Pernettya prostrata,6
1164,LAVE5,Pleurozium schreberi,3
1165,LAVE5,Puya goudutiana,1
1166,LAVE5,Riccardia paramorum,5
1167,LAVE5,Sphagnum magellanicum,11
1168,LAVE5,Sphagnum sancto-josephense,5
1169,LAVE6,Aragoa abietina,1
1170,LAVE6,Blechnum loxense,1
1171,LAVE6,Campylopus cuspidatus,6
1172,LAVE6,Campylopus nivalis,1
1173,LAVE6,Cortaderia nitida,8
1174,LAVE6,Diplostephium revolutum,1
1175,LAVE6,Hypericum juniperinum,1
1176,LAVE6,Jamesoniella rubricaulis,3
1177,LAVE6,Juncus breviculmis,3
1178,LAVE6,Pernettya prostrata,9
1179,LAVE6,Puya goudutiana,1
1180,LAVE6,Riccardia paramorum,6
1181,LAVE6,Sphagnum magellanicum,14
1182,LAVE6,Sphagnum sancto-josephense,4
1183,LAVE6,Xyris subulata,5
1184,LAVE7,Aragoa abietina,3
1185,LAVE7,Arcytophyllum muticum,4
1186,LAVE7,Breutelia chrysea ,3
1187,LAVE7,Campylopus cuspidatus,1
1188,LAVE7,Campylopus nivalis,3
1189,LAVE7,Cortaderia nitida,1
1190,LAVE7,Diplostephium revolutum,1
1191,LAVE7,Hypericum juniperinum,1
1192,LAVE7,Miconia sp,1
1193,LAVE7,Paepalanthus colombianus,1
1194,LAVE7,Pernettya prostrata,10
1195,LAVE7,Pleurozium schreberi,4
1196,LAVE7,Puya goudutiana,4
1197,LAVE7,puya killipi,3
1198,LAVE7,Riccardia paramorum,10
1199,LAVE7,Sphagnum magellanicum,14
1200,LAVE7,Sphagnum sancto-josephense,11
1201,LAVE7,Xyris subulata,4
1202,MA1,Breutelia chrysea ,1
1203,MA1,Campylopus nivalis,1
1204,MA1,Carex pichinchensis,3
1205,MA1,Chusquea tessellata,2
1206,MA1,Cortaderia nitida,8
1207,MA1,Drepanocladus aduncus,1
1208,MA1,Frullania sp,1
1209,MA1,Riccardia paramorum,4
1210,MA1,Sphagnum boyacanum,1
1211,MA1,Sphagnum magellanicum,3
1212,MA1,Sphagnum sancto-josephense,19
1213,MA1,Straminergon stramineum,2
1214,MA1,Thuidium peruvianum,1
1215,MA10,Aneura pinguis,1
1216,MA10,Arcytophyllum muticum,3
1217,MA10,Brachytecium austroglareosum,1
1218,MA10,Breutelia chrysea ,6
1219,MA10,Bryum laevigatum,1
1220,MA10,Calamagrostis effussa,3
1221,MA10,Campylopus aerodyction,3
1222,MA10,Cardamine bonariensis,1
1223,MA10,Marchantia berteroana,4
1224,MA10,Pleurozium schreberi,10
1225,MA10,Riccardia paramorum,1
1226,MA10,Sphagnum sancto-josephense,6
1227,MA11,Adelanthus decipiens,1
1228,MA11,Ageratina tinifolia,2
1229,MA11,Anastrophyllum nigrescens,4
1230,MA11,Anastrophyllum sp,5
1231,MA11,Aneura pinguis,5
1232,MA11,Aragoa abietina,1
1233,MA11,Arcytophyllum muticum,10
1234,MA11,Bacharis tricuneata,2
1235,MA11,Blechnum loxense,1
1236,MA11,Breutelia chrysea ,9
1237,MA11,Calamagrostis effussa,4
1238,MA11,Campylopus nivalis,1
1239,MA11,Chusquea tessellata,6
1240,MA11,Cocclidium sp,1
1241,MA11,Disterigma alaternoides,1
1242,MA11,Halenia gunerifolia,1
1243,MA11,Hypericum juniperinum,1
1244,MA11,Isotachis multiceps,1
1245,MA11,Jamesonia sp,1
1246,MA11,Jamesoniella rubricaulis,1
1247,MA11,Juncus effusus,1
1248,MA11,Lachemilla mandoniana,1
1249,MA11,Lepidozia macrocolea,5
1250,MA11,Muhlenbergia fastigiata,1
1251,MA11,Paepalanthus colombianus,3
1252,MA11,Pernettya prostrata,5
1253,MA11,Pleurozium schreberi,14
1254,MA11,Polytrichum commune,1
1255,MA11,Riccardia paramorum,1
1256,MA11,Sphagnum magellanicum,13
1257,MA11,Sphagnum sancto-josephense,4
1258,MA2,Ageratina tinifolia,1
1259,MA2,Arcytophyllum muticum,3
1260,MA2,Bartsia sp,1
1261,MA2,Breutelia chrysea ,10
1262,MA2,Carex pichinchensis,1
1263,MA2,Chusquea tessellata,1
1264,MA2,Cortaderia nitida,5
1265,MA2,Lycopodiella glaucescens,1
1266,MA2,Nertera granadensis,2
1267,MA2,Niphogeton ternata,3
1268,MA2,Pleurozium schreberi,16
1269,MA2,Riccardia paramorum,6
1270,MA2,Sphagnum magellanicum,3
1271,MA2,Sphagnum sancto-josephense,14
1272,MA2,Straminergon stramineum,1
1273,MA2,Sysirrinchium sp,3
1274,MA3,Campylopus nivalis,4
1275,MA3,Campylopus tallulensis,3
1276,MA3,Cavendishia bracteata,2
1277,MA3,Cephalozia sp,3
1278,MA3,Cortaderia nitida,3
1279,MA3,Frullania sp,1
1280,MA3,Herbertus divergens,3
1281,MA3,Hypnum cupressiforme,1
1282,MA3,Isotachis multiceps,1
1283,MA3,Juncus effusus,1
1284,MA3,Kurzia capillaris,3
1285,MA3,Lycopodiella glaucescens,3
1286,MA3,Nertera granadensis,3
1287,MA3,Pernettya prostrata,9
1288,MA3,Polytrichum commune,5
1289,MA3,Puya goudutiana,1
1290,MA3,Riccardia paramorum,6
1291,MA3,Sphagnum magellanicum,4
1292,MA3,Sphagnum sancto-josephense,10
1293,MA4,Blechnum loxense,5
1294,MA4,Breutelia chrysea ,3
1295,MA4,Campylopus nivalis,3
1296,MA4,Cephalozia sp,1
1297,MA4,Cortaderia nitida,5
1298,MA4,Drepanocladus aduncus,1
1299,MA4,Hesperomeles heterophylla,1
1300,MA4,Hypericum juniperinum,1
1301,MA4,Juncus effusus,1
1302,MA4,Lycopodiella glaucescens,1
1303,MA4,Nertera granadensis,3
1304,MA4,Plachiochila sp,1
1305,MA4,Pleurozium schreberi,1
1306,MA4,Polypodium sp,2
1307,MA4,Polytrichum commune,1
1308,MA4,Riccardia paramorum,5
1309,MA4,Sphagnum magellanicum,3
1310,MA4,Sphagnum sancto-josephense,19
1311,MA5,Breutelia chrysea ,14
1312,MA5,Bryohumbertia filifolia,3
1313,MA5,Calamagrostis effussa,1
1314,MA5,Campylopus cuspidatus,6
1315,MA5,Campylopus nivalis,1
1316,MA5,Carex pygmaea,1
1317,MA5,Chusquea tessellata,18
1318,MA5,Lycopodiella glaucescens,8
1319,MA5,Oreobolus cleefi,4
1320,MA5,Pernettya prostrata,1
1321,MA5,Riccardia paramorum,4
1322,MA5,Sphagnum capillifolium,4
1323,MA5,Sphagnum magellanicum,6
1324,MA5,Sphagnum oxyphyllum,1
1325,MA5,Sphagnum sancto-josephense,8
1326,MA6,Adelanthus decipiens,4
1327,MA6,Anastrophyllum nigrescens,3
1328,MA6,Aneura pinguis,10
1329,MA6,Blechnum loxense,3
1330,MA6,Calamagrostis effussa,1
1331,MA6,Campylopus aerodyction,9
1332,MA6,Carex bomplandii,1
1333,MA6,Cephalozia sp,1
1334,MA6,Chusquea tessellata,13
1335,MA6,Cocclidium sp,1
1336,MA6,Ditrichum rufescens,1
1337,MA6,Halenia gunerifolia,1
1338,MA6,Jamesoniella rubricaulis,6
1339,MA6,Lepidozia macrocolea,3
1340,MA6,Lophocolea sp2,1
1341,MA6,Lycopodiella glaucescens,6
1342,MA6,Odontoschisma sp,4
1343,MA6,Oreobolus cleefi,3
1344,MA6,Paepalanthus colombianus,1
1345,MA6,Pernettya prostrata,3
1346,MA6,Pleurozium schreberi,6
1347,MA6,Puya goudutiana,1
1348,MA6,Riccardia capillacea,3
1349,MA6,Riccardia paramorum,8
1350,MA6,Sphagnum magellanicum,6
1351,MA6,Sphagnum sancto-josephense,5
1352,MA7,Apiaceae sp,9
1353,MA7,Breutelia chrysea ,7
1354,MA7,Bryum laevigatum,1
1355,MA7,Calamagrostis effussa,1
1356,MA7,Campylopus nivalis,6
1357,MA7,Campylopus trivialis,4
1358,MA7,Carex pygmaea,1
1359,MA7,Cephalozia sp,3
1360,MA7,Cerastium arvense,2
1361,MA7,Cerastium sp,3
1362,MA7,Chusquea tessellata,13
1363,MA7,Diplostephium sp1,1
1364,MA7,Drepanocladus longifolius,1
1365,MA7,Fossombronia peruviana,1
1366,MA7,Frullania sp,4
1367,MA7,Hydrocotile sp,1
1368,MA7,Hypnum cupressiforme,3
1369,MA7,Lachemilla mandoniana,3
1370,MA7,Leptodontium luteum,1
1371,MA7,Nardia succulenta,1
1372,MA7,Noteroclada confluens,1
1373,MA7,Omphalanthus filiformis,1
1374,MA7,Pleurozium schreberi,8
1375,MA7,Polypodium sp,1
1376,MA7,Rhodobryum longifolium,3
1377,MA7,Riccardia paramorum,2
1378,MA7,Sphagnum magellanicum,1
1379,MA7,Thuidium peruvianum,2
1380,MA7,Valeriana plantaginaceae,3
1381,MA8,Adelanthus decipiens,4
1382,MA8,Anastrophyllum nigrescens,1
1383,MA8,Aneura pinguis,3
1384,MA8,Bazzania sp,1
1385,MA8,Breutelia chrysea ,6
1386,MA8,Calamagrostis effussa,13
1387,MA8,Campylopus nivalis,5
1388,MA8,Cardamine bonariensis,1
1389,MA8,Cephalozia sp,1
1390,MA8,Chusquea tessellata,2
1391,MA8,Cocclidium sp,5
1392,MA8,Cortaderia nitida,8
1393,MA8,Ditrichum rufescens,1
1394,MA8,Frullania sp,1
1395,MA8,Halenia gunerifolia,1
1396,MA8,Herbertus divergens,1
1397,MA8,Hypochaeris sp2,1
1398,MA8,Lepidozia macrocolea,4
1399,MA8,Lophocolea sp2,1
1400,MA8,Pernettya prostrata,1
1401,MA8,Plachiochila sp,1
1402,MA8,Puya goudutiana,3
1403,MA8,Riccardia paramorum,3
1404,MA8,Sphagnum boyacanum,3
1405,MA8,Sphagnum magellanicum,6
1406,MA8,Sphagnum sancto-josephense,6
1407,MA9,Adelanthus decipiens,5
1408,MA9,Aneura pinguis,1
1409,MA9,Aptychella proligera,1
1410,MA9,Aragoa abietina,1
1411,MA9,Arcytophyllum muticum,3
1412,MA9,Breutelia chrysea ,3
1413,MA9,Calamagrostis effussa,1
1414,MA9,Campylopus nivalis,3
1415,MA9,Cocclidium sp,1
1416,MA9,Cortaderia nitida,3
1417,MA9,Disterigma alaternoides,1
1418,MA9,Kurzia capillaris,3
1419,MA9,Lepidozia macrocolea,1
1420,MA9,Lophocolea sp2,1
1421,MA9,Pernettya prostrata,1
1422,MA9,Polytrichum commune,3
1423,MA9,Puya goudutiana,1
1424,MA9,Riccardia paramorum,6
1425,MA9,Sphagnum magellanicum,4
1426,MA9,Sphagnum sancto-josephense,19
1427,NEG1,Apiaceae sp,3
1428,NEG1,Bartsia sp,1
1429,NEG1,Breutelia chrysea ,8
1430,NEG1,Calamagrostis effussa,3
1431,NEG1,Campylopus cuspidatus,5
1432,NEG1,Campylopus nivalis,3
1433,NEG1,Cortaderia nitida,3
1434,NEG1,Gentiana sedifolia,3
1435,NEG1,Hypericum juniperinum,1
1436,NEG1,Hypochaeris sp4,6
1437,NEG1,Isotachis multiceps,1
1438,NEG1,Lachemilla nivalis,5
1439,NEG1,lachemilla orbicularis,3
1440,NEG1,Pentacalia vaccinioides,1
1441,NEG1,Pernettya prostrata,3
1442,NEG1,Plantago rigida,5
1443,NEG1,Pleurozium schreberi,3
1444,NEG1,Rhynchospora oreoboloidea,4
1445,NEG1,Ribes sp,3
1446,NEG1,Riccardia paramorum,4
1447,NEG1,Sphagnum oxyphyllum,4
1448,NEG1,Sphagnum sancto-josephense,3
1449,NEG1,Symphyogyna brasiliensis,1
1450,NEG1,Werneria pygmaea,5
1451,NEG2,Adelanthus pittieri ,3
1452,NEG2,Bartsia sp,1
1453,NEG2,Breutelia chrysea ,6
1454,NEG2,Calamagrostis effussa,10
1455,NEG2,Calamagrostis fibrovaginata,3
1456,NEG2,Campylopus cuspidatus,3
1457,NEG2,Campylopus nivalis,1
1458,NEG2,Cortaderia nitida,1
1459,NEG2,Gentiana sedifolia,1
1460,NEG2,Hypericum juniperinum,3
1461,NEG2,Hypochaeris sp4,1
1462,NEG2,Pernettya prostrata,11
1463,NEG2,Plantago rigida,14
1464,NEG2,Pleurozium schreberi,9
1465,NEG2,Ranunculus flageliformis,3
1466,NEG2,Rhynchospora oreoboloidea,3
1467,NEG2,Ribes sp,9
1468,NEG2,Riccardia paramorum,3
1469,NEG2,Werneria pygmaea,1
1470,NEG3,Breutelia chrysea ,10
1471,NEG3,Calamagrostis effussa,8
1472,NEG3,Calamagrostis fibrovaginata,1
1473,NEG3,Campylopus cuspidatus,1
1474,NEG3,Hypericum juniperinum,3
1475,NEG3,Hypericum niviefolium,2
1476,NEG3,Hypericum vaccinioides,1
1477,NEG3,Hypochaeris sp4,3
1478,NEG3,Lophozia sp,1
1479,NEG3,Lophozia sp2,1
1480,NEG3,Nertera granadensis,3
1481,NEG3,Pentacalia vaccinioides,1
1482,NEG3,Pernettya prostrata,6
1483,NEG3,Plantago rigida,10
1484,NEG3,Pleurozium schreberi,16
1485,NEG3,Rhynchospora oreoboloidea,3
1486,NEG3,Riccardia paramorum,3
1487,NEG3,Sphagnum magellanicum,8
1488,NEG3,Sphagnum oxyphyllum,3
1489,NEV1,Anastrophyllum nigrescens,1
1490,NEV1,Breutelia chrysea ,5
1491,NEV1,Calamagrostis effussa,3
1492,NEV1,Dicranum peruvianum,1
1493,NEV1,Distichia muscoides,11
1494,NEV1,Geranium sibbaldioides,1
1495,NEV1,Hypericum juniperinum,1
1496,NEV1,Hypochaeris sp4,1
1497,NEV1,Isotachis multiceps,10
1498,NEV1,Nardia succulenta,1
1499,NEV1,Pilopogon longirostris,11
1500,NEV1,Radula sp,1
1501,NEV1,Rhynchospora oreoboloidea,1
1502,NEV1,Riccardia columbica,4
1503,NEV1,Riccardia paramorum,1
1504,NEV1,Sphagnum sp nov,6
1505,NEV2,Adelanthus pittieri ,3
1506,NEV2,Aneura pinguis,3
1507,NEV2,Arachniopsis coactilis,3
1508,NEV2,Breutelia chrysea ,10
1509,NEV2,Calamagrostis effussa,4
1510,NEV2,Campylopus trivialis,4
1511,NEV2,Diplostephium phylicoides,2
1512,NEV2,Distichia muscoides,21
1513,NEV2,Gentiana sedifolia,1
1514,NEV2,Gentianella sp,2
1515,NEV2,Geranium sibbaldioides,4
1516,NEV2,Huperzia crassa,1
1517,NEV2,Hypericum juniperinum,4
1518,NEV2,Hypochaeris sp4,1
1519,NEV2,Isotachis multiceps,3
1520,NEV2,Lachemilla nivalis,1
1521,NEV2,Lophozia sp,1
1522,NEV2,Lophozia sp2,1
1523,NEV2,Pernettya prostrata,9
1524,NEV2,Pleurozium schreberi,1
1525,NEV2,Rhynchospora oreoboloidea,1
1526,NEV2,Riccardia paramorum,1
1527,NEV2,Sphagnum sancto-josephense,8
1528,NEV2,Werneria pygmaea,5
1529,NEV3,Adelanthus pittieri ,3
1530,NEV3,Anastrophyllum nigrescens,1
1531,NEV3,Breutelia chrysea ,6
1532,NEV3,Calamagrostis effussa,1
1533,NEV3,Campylopus trivialis,5
1534,NEV3,Diplostephium sp,2
1535,NEV3,Distichia muscoides,21
1536,NEV3,Gentiana sedifolia,3
1537,NEV3,Gentianella sp,2
1538,NEV3,Geranium sibbaldioides,1
1539,NEV3,Hypericum juniperinum,1
1540,NEV3,Hypochaeris sp4,6
1541,NEV3,Isotachis multiceps,3
1542,NEV3,Lachemilla nivalis,2
1543,NEV3,Lobatiriccardia sp,1
1544,NEV3,Marsupella sp,1
1545,NEV3,Rhynchospora oreoboloidea,1
1546,NEV3,Riccardia paramorum,1
1547,NEV3,Sphagnum sp nov,5
1548,NEV3,Valeriana plantaginaceae,3
1549,NEV3,Werneria pygmaea,8
1550,NEV3,Xenophyllum humile,4
1551,NEV4,Anastrophyllum nigrescens,1
1552,NEV4,Breutelia chrysea ,5
1553,NEV4,Campylopus trivialis,10
1554,NEV4,Distichia muscoides,25
1555,NEV4,Gentianella sp,2
1556,NEV4,Geranium multiceps,2
1557,NEV4,Geranium sibbaldioides,5
1558,NEV4,Hypericum juniperinum,1
1559,NEV4,Hypochaeris sp,1
1560,NEV4,Hypochaeris sp4,6
1561,NEV4,Isotachis multiceps,4
1562,NEV4,Lachemilla nivalis,1
1563,NEV4,Lophozia sp2,1
1564,NEV4,Rhynchospora oreoboloidea,1
1565,NEV5,Bartsia sp,1
1566,NEV5,Bryum alpinum,3
1567,NEV5,Bryum argenteum,4
1568,NEV5,Calamagrostis effussa,1
1569,NEV5,Distichia muscoides,25
1570,NEV5,Lachemilla sp,3
1571,NEV5,Lophozia sp,5
1572,NEV5,Lophozia sp2,4
1573,NEV5,Nardia succulenta,3
1574,NEV5,Straminergon stramineum,3
1575,NEV5,Werneria pygmaea,4
1576,NEV6,Breutelia chrysea ,3
1577,NEV6,Bryum argenteum,5
1578,NEV6,Calamagrostis effussa,1
1579,NEV6,Campylopus trivialis,5
1580,NEV6,Daltonia tenuifolia,1
1581,NEV6,Distichia muscoides,24
1582,NEV6,Fossombronia peruviana,6
1583,NEV6,Lachemilla sp,1
1584,NEV6,Lobatiriccardia sp,1
1585,NEV6,Lophozia sp,11
1586,NEV6,Lophozia sp2,4
1587,NEV6,Nardia succulenta,3
1588,NEV6,Straminergon stramineum,1
1589,NEV6,Warnstorfia exannulata,3
1590,NEV6,Werneria pygmaea,1
1591,NEV6,Xenophyllum humile,1
1592,NEV7,Anastrophyllum nigrescens,3
1593,NEV7,Bartsia sp,3
1594,NEV7,Breutelia chrysea ,1
1595,NEV7,Bryum alpinum,5
1596,NEV7,Bryum argenteum,1
1597,NEV7,Calamagrostis effussa,1
1598,NEV7,Campylopus trivialis,4
1599,NEV7,Distichia muscoides,6
1600,NEV7,Fossombronia peruviana,3
1601,NEV7,Lachemilla sp,3
1602,NEV7,Lophozia sp,1
1603,NEV7,Lophozia sp2,3
1604,NEV7,Nardia succulenta,3
1605,NEV7,Riccardia paramorum,4
1606,NEV7,Straminergon stramineum,6
1607,NEV7,Warnstorfia exannulata,3
1608,NEV7,Werneria pygmaea,6
1609,NEV8,Aneura pinguis,1
1610,NEV8,Bartsia sp,5
1611,NEV8,Bryum alpinum,3
1612,NEV8,Bryum argenteum,1
1613,NEV8,Calamagrostis effussa,1
1614,NEV8,Campylopus trivialis,1
1615,NEV8,Cariophyllum sp,3
1616,NEV8,Cortaderia nitida,1
1617,NEV8,Crassula venezulensis,3
1618,NEV8,Distichia muscoides,19
1619,NEV8,Fossombronia peruviana,3
1620,NEV8,Lachemilla sp,4
1621,NEV8,Lophozia sp,3
1622,NEV8,Lophozia sp2,1
1623,NEV8,Lysipomia sphagnophila,3
1624,NEV8,Rhynchospora oreoboloidea,3
1625,NEV8,Straminergon stramineum,1
1626,NEV8,Warnstorfia exannulata,4
1627,NEV8,Werneria pygmaea,8
1628,NEV9,Aneura pinguis,2
1629,NEV9,Bartsia sp,3
1630,NEV9,Bryum alpinum,3
1631,NEV9,Calamagrostis effussa,1
1632,NEV9,Distichia muscoides,18
1633,NEV9,Fossombronia peruviana,4
1634,NEV9,Lachemilla sp,10
1635,NEV9,Lophozia sp,1
1636,NEV9,Nardia succulenta,1
1637,NEV9,Riccardia papillata,8
1638,NEV9,Warnstorfia exannulata,6
1639,NEV9,Werneria pygmaea,6
1640,PAM1,Breutelia chrysea ,6
1641,PAM1,Calamagrostis fibrovaginata,5
1642,PAM1,Carex pygmaea,3
1643,PAM1,Cerastium arvense,1
1644,PAM1,Cerastium cf subspicatum,4
1645,PAM1,Geranium multiceps,1
1646,PAM1,Hypnum cupressiforme,4
1647,PAM1,Montia fontana,1
1648,PAM1,Nertera granadensis,1
1649,PAM1,Polytrichum commune,4
1650,PAM1,Rhynchospora oreoboloidea,4
1651,PAM1,Sphagnum caldense,6
1652,PAM1,Warnstorfia exannulata,1
1653,PAM2,Carex pichinchensis,3
1654,PAM2,Juncus effusus,1
1655,PAM2,Sphagnum cf falcatulum Besch.,25
1656,PAM2,Xyris subulata,1
1657,RAB1,Aongstroemia filiformis,1
1658,RAB1,Arachniopsis coactilis,1
1659,RAB1,Arcytophyllum muticum,6
1660,RAB1,Blechnum loxense,5
1661,RAB1,Breutelia chrysea ,4
1662,RAB1,Calamagrostis effussa,1
1663,RAB1,Campylopus pauper,8
1664,RAB1,Carex bomplandii,4
1665,RAB1,Cephalozia sp,1
1666,RAB1,Chusquea tessellata,6
1667,RAB1,Cortaderia nitida,3
1668,RAB1,Hypericum myricaefolium,1
1669,RAB1,Juncus breviculmis,1
1670,RAB1,Juncus effusus,1
1671,RAB1,lachemilla orbicularis,1
1672,RAB1,Nertera granadensis,4
1673,RAB1,Paepalanthus colombianus,4
1674,RAB1,Pernettya prostrata,1
1675,RAB1,Pseudocephalozia quadriloba,3
1676,RAB1,Pteridophyta indet,4
1677,RAB1,Puya santonii,3
1678,RAB1,Riccardia paramorum,5
1679,RAB1,Riccia sp,1
1680,RAB1,Sphagnum cf falcatulum Besch.,11
1681,RAB1,Sphagnum magellanicum,5
1682,RAB1,Sphagnum pylaesii,8
1683,RAB1,Symphyogyna brasiliensis,3
1684,RAB2,Cortaderia nitida,3
1685,RAB2,Juncus effusus,1
1686,RAB2,Sphagnum magellanicum,3
1687,RAB2,Sphagnum oxyphyllum,25
1688,RAB3,Anastrophyllum nigrescens,4
1689,RAB3,Andrewsianthus sp,1
1690,RAB3,Calamagrostis effussa,1
1691,RAB3,Calamagrostis fibrovaginata,1
1692,RAB3,Campylopus cuspidatus,1
1693,RAB3,Cephalozia sp,1
1694,RAB3,Juncus effusus,3
1695,RAB3,Lophozia sp3,6
1696,RAB3,Paepalanthus colombianus,1
1697,RAB3,Pernettya prostrata,4
1698,RAB3,Puya goudutiana,1
1699,RAB3,Sphagnum magellanicum,19
1700,RAB3,Sphagnum oxyphyllum,14
1701,RAB4,Campylopus cuspidatus,6
1702,RAB4,Cephalozia sp,8
1703,RAB4,Cortaderia nitida,1
1704,RAB4,Espeletia grandiflora,3
1705,RAB4,Jamesoniella rubricaulis,5
1706,RAB4,Lophozia sp3,1
1707,RAB4,Paepalanthus colombianus,13
1708,RAB4,Pernettya prostrata,6
1709,RAB4,Puya goudutiana,1
1710,RAB4,puya killipi,3
1711,RAB4,Riccardia paramorum,10
1712,RAB4,Sphagnum magellanicum,14
1713,RAB4,Sphagnum oxyphyllum,11
1714,RAB4,Xyris subulata,6
1715,RAB5,Calamagrostis effussa,1
1716,RAB5,Campylopus cuspidatus,4
1717,RAB5,Campylopus sp,3
1718,RAB5,Cortaderia nitida,1
1719,RAB5,Juncus effusus,1
1720,RAB5,Nertera granadensis,4
1721,RAB5,Paepalanthus colombianus,3
1722,RAB5,Pernettya prostrata,5
1723,RAB5,Riccardia paramorum,3
1724,RAB5,Sphagnum cf falcatulum Besch.,19
1725,RAB5,Sphagnum magellanicum,9
1726,RAB6,Calamagrostis effussa,1
1727,RAB6,Campylopus cuspidatus,6
1728,RAB6,Cortaderia nitida,8
1729,RAB6,Gaultheria sp,3
1730,RAB6,Juncus effusus,1
1731,RAB6,Nertera granadensis,4
1732,RAB6,Paepalanthus colombianus,2
1733,RAB6,Pernettya prostrata,3
1734,RAB6,Riccardia paramorum,3
1735,RAB6,Sphagnum cf falcatulum Besch.,16
1736,RAB6,Sphagnum magellanicum,13
1737,RAB7,Blechnum loxense,1
1738,RAB7,Breutelia chrysea ,5
1739,RAB7,Campylopus sp,4
1740,RAB7,Cephalozia sp,1
1741,RAB7,Cortaderia nitida,13
1742,RAB7,Hypericum myricaefolium,1
1743,RAB7,Juncus effusus,5
1744,RAB7,Nertera granadensis,6
1745,RAB7,Paepalanthus colombianus,3
1746,RAB7,Pernettya prostrata,1
1747,RAB7,Puya goudutiana,4
1748,RAB7,puya killipi,3
1749,RAB7,Riccardia paramorum,4
1750,RAB7,Sphagnum magellanicum,8
1751,RAB7,Sphagnum sancto-josephense,16
1752,RAB8,Blechnum loxense,1
1753,RAB8,Campylopus sp,1
1754,RAB8,Cortaderia nitida,15
1755,RAB8,Juncus effusus,2
1756,RAB8,Lophozia sp,4
1757,RAB8,Nertera granadensis,8
1758,RAB8,Paepalanthus colombianus,1
1759,RAB8,Pernettya prostrata,1
1760,RAB8,Puya santonii,1
1761,RAB8,Riccardia paramorum,3
1762,RAB8,Sphagnum magellanicum,9
1763,RAB8,Sphagnum sancto-josephense,18
1764,RAB9,Arcitophyllum albidum,10
1765,RAB9,Blechnum loxense,1
1766,RAB9,Breutelia chrysea ,5
1767,RAB9,Calypogeia rhombifolia,1
1768,RAB9,Campylopus sp,4
1769,RAB9,Carex bomplandii,6
1770,RAB9,Cephalozia sp,1
1771,RAB9,Cortaderia nitida,13
1772,RAB9,Halenia gunerifolia,6
1773,RAB9,Hypericum juniperinum,1
1774,RAB9,Nertera granadensis,1
1775,RAB9,Paepalanthus colombianus,1
1776,RAB9,Polytrichum commune,1
1777,RAB9,Puya goudutiana,1
1778,RAB9,Riccardia paramorum,1
1779,RAB9,Sphagnum cf falcatulum Besch.,19
1780,SUM1,Azolla sp,6
1781,SUM1,Blechnum loxense,1
1782,SUM1,Breutelia chrysea ,5
1783,SUM1,Bryum argenteum,1
1784,SUM1,Campylopus nivalis,3
1785,SUM1,Cardamine bonariensis,14
1786,SUM1,Diplostephium revolutum,2
1787,SUM1,Drepanocladus aduncus,1
1788,SUM1,Hypericum juniperinum,5
1789,SUM1,Hypnum cupressiforme,1
1790,SUM1,Lachemilla mandoniana,3
1791,SUM1,Leptoscyphus porphyrius,1
1792,SUM1,Marchantia breviloba,4
1793,SUM1,Montia fontana,1
1794,SUM1,Muhlenbergia fastigiata,1
1795,SUM1,Myriophyllum aquaticum,4
1796,SUM1,Nardia succulenta,1
1797,SUM1,Noteroclada confluens,2
1798,SUM1,Orthrosanthus chimboracensis,1
1799,SUM1,Pernettya prostrata,1
1800,SUM1,Pleurozium schreberi,1
1801,SUM1,Polytrichum commune,3
1802,SUM1,Puya santonii,3
1803,SUM1,Ranunculus flageliformis,5
1804,SUM1,Rhynchospora oreoboloidea,1
1805,SUM1,Riccardia paramorum,1
1806,SUM1,Symphyogyna bogotensis,1
1807,SUM10,Arcytophyllum muticum,3
1808,SUM10,Breutelia chrysea ,5
1809,SUM10,Campylopus nivalis,3
1810,SUM10,Cortaderia nitida,4
1811,SUM10,Disterigma alaternoides,4
1812,SUM10,Hypericum juniperinum,1
1813,SUM10,Hypericum myricaefolium,3
1814,SUM10,Lachemilla mandoniana,6
1815,SUM10,Lepidozia macrocolea,4
1816,SUM10,Lysipomia sphagnophila,8
1817,SUM10,Myriophyllum aquaticum,1
1818,SUM10,Oreobolus cleefi,1
1819,SUM10,Pentacalia vaccinioides,1
1820,SUM10,Pleurozium schreberi,6
1821,SUM10,puya killipi,1
1822,SUM10,Riccardia paramorum,3
1823,SUM10,Sphagnum cundinamarcanum,1
1824,SUM10,Sphagnum magellanicum,8
1825,SUM10,Sphagnum sancto-josephense,15
1826,SUM10,Stachys cf eriantha,1
1827,SUM10,Valeriana plantaginaceae,1
1828,SUM11,Arcytophyllum muticum,14
1829,SUM11,Breutelia chrysea ,9
1830,SUM11,Calamagrostis fibrovaginata,1
1831,SUM11,Campylopus cuspidatus,3
1832,SUM11,Campylopus nivalis,8
1833,SUM11,Cortaderia nitida,4
1834,SUM11,Disterigma alaternoides,1
1835,SUM11,Lycopodiella glaucescens,3
1836,SUM11,Muhlenbergia fastigiata,3
1837,SUM11,Oreobolus cleefi,3
1838,SUM11,Paepalanthus lodicoloides,1
1839,SUM11,Pleurozium schreberi,3
1840,SUM11,Polytrichum commune,2
1841,SUM11,Riccardia paramorum,3
1842,SUM11,Sphagnum magellanicum,4
1843,SUM11,Sphagnum sancto-josephense,14
1844,SUM12,Arcytophyllum muticum,8
1845,SUM12,Blechnum loxense,1
1846,SUM12,Brachytecium austroglareosum,1
1847,SUM12,Breutelia chrysea ,1
1848,SUM12,Campylopus nivalis,3
1849,SUM12,Cortaderia nitida,6
1850,SUM12,Disterigma alaternoides,3
1851,SUM12,Galium ascendens,1
1852,SUM12,Hypericum strictum,1
1853,SUM12,Hypnum cupressiforme,3
1854,SUM12,Lophocolea sp,1
1855,SUM12,Noteroclada confluens,3
1856,SUM12,Oreobolus cleefi,1
1857,SUM12,Pentacalia vaccinioides,4
1858,SUM12,Pleurozium schreberi,5
1859,SUM12,Puya santonii,2
1860,SUM12,Sphagnum magellanicum,6
1861,SUM12,Sphagnum sancto-josephense,14
1862,SUM12,Valeriana plantaginaceae,1
1863,SUM13,Arcytophyllum muticum,6
1864,SUM13,Blechnum loxense,1
1865,SUM13,Breutelia chrysea ,5
1866,SUM13,Calamagrostis effussa,1
1867,SUM13,Calamagrostis fibrovaginata,1
1868,SUM13,Campylopus nivalis,5
1869,SUM13,Cortaderia nitida,1
1870,SUM13,Disterigma alaternoides,1
1871,SUM13,Hypericum juniperinum,1
1872,SUM13,Hypnum cupressiforme,3
1873,SUM13,Lycopodiella glaucescens,1
1874,SUM13,Myriophyllum aquaticum,1
1875,SUM13,Nardia succulenta,1
1876,SUM13,Oreobolus cleefi,1
1877,SUM13,Paepalanthus lodicoloides,3
1878,SUM13,Peperomia sp,1
1879,SUM13,Pernettya prostrata,1
1880,SUM13,Pleurozium schreberi,8
1881,SUM13,puya killipi,3
1882,SUM13,Puya santonii,1
1883,SUM13,Riccardia paramorum,1
1884,SUM13,Sphagnum compactum,1
1885,SUM13,Sphagnum magellanicum,9
1886,SUM13,Sphagnum sancto-josephense,5
1887,SUM13,Thuidium peruvianum,3
1888,SUM13,Valeriana plantaginaceae,1
1889,SUM14,Arcytophyllum muticum,3
1890,SUM14,Breutelia chrysea ,6
1891,SUM14,Calamagrostis fibrovaginata,8
1892,SUM14,Campylopus nivalis,2
1893,SUM14,Cardamine bonariensis,1
1894,SUM14,Carex bomplandii,3
1895,SUM14,Cortaderia nitida,1
1896,SUM14,Galium ascendens,3
1897,SUM14,Hydrocotile sp,3
1898,SUM14,Hypericum strictum,4
1899,SUM14,Hypnum cupressiforme,1
1900,SUM14,Isotachis multiceps,1
1901,SUM14,Juncus breviculmis,1
1902,SUM14,Lachemilla mandoniana,4
1903,SUM14,Myriophyllum aquaticum,3
1904,SUM14,Nardia succulenta,11
1905,SUM14,Noteroclada confluens,3
1906,SUM14,Pernettya prostrata,1
1907,SUM14,Sphagnum magellanicum,4
1908,SUM14,Sphagnum sancto-josephense,10
1909,SUM14,Straminergon stramineum,1
1910,SUM2,Agrostis trichodes,6
1911,SUM2,Arcytophyllum muticum,4
1912,SUM2,Breutelia chrysea ,6
1913,SUM2,Campylopus tallulensis,9
1914,SUM2,Cardamine bonariensis,1
1915,SUM2,Cortaderia nitida,8
1916,SUM2,Diplostephium revolutum,4
1917,SUM2,Hypnum cupressiforme,1
1918,SUM2,Lachemilla mandoniana,4
1919,SUM2,Lophocolea sp2,1
1920,SUM2,Nertera granadensis,1
1921,SUM2,Noteroclada confluens,3
1922,SUM2,Pernettya prostrata,3
1923,SUM2,Pleurozium schreberi,1
1924,SUM2,Puya santonii,3
1925,SUM2,Ranunculus sp,1
1926,SUM2,Riccardia paramorum,3
1927,SUM2,Sphagnum cundinamarcanum,1
1928,SUM2,Sphagnum magellanicum,3
1929,SUM2,Sphagnum sancto-josephense,16
1930,SUM2,Straminergon stramineum,1
1931,SUM3,Anastrophyllum nigrescens,1
1932,SUM3,Arcytophyllum muticum,3
1933,SUM3,Breutelia chrysea ,4
1934,SUM3,Bryum laevigatum,1
1935,SUM3,Campylopus cuspidatus,1
1936,SUM3,Campylopus sharpii,1
1937,SUM3,Cardamine bonariensis,3
1938,SUM3,Cephalozia sp,1
1939,SUM3,Cortaderia nitida,18
1940,SUM3,Gongylanthus granatensis,1
1941,SUM3,Halenia gunerifolia,1
1942,SUM3,Hypericum myricaefolium,4
1943,SUM3,Hypnum cupressiforme,3
1944,SUM3,Lophocolea sp,1
1945,SUM3,Paepalanthus lodicoloides,3
1946,SUM3,Pernettya prostrata,1
1947,SUM3,Pleurozium schreberi,4
1948,SUM3,Rhacoccarpus purpurascens,4
1949,SUM3,Riccardia paramorum,1
1950,SUM3,Sphagnum cleefii,1
1951,SUM3,Sphagnum lescurii,1
1952,SUM3,Sphagnum magellanicum,5
1953,SUM3,Sphagnum sancto-josephense,3
1954,SUM3,Straminergon stramineum,1
1955,SUM3,Thuidium peruvianum,1
1956,SUM4,Anastrophyllum nigrescens,3
1957,SUM4,Arcytophyllum muticum,1
1958,SUM4,Breutelia chrysea ,3
1959,SUM4,Calamagrostis effussa,4
1960,SUM4,Campylopus cuspidatus,5
1961,SUM4,Campylopus trichophylloides,1
1962,SUM4,Cortaderia nitida,1
1963,SUM4,Huperzia crassa,3
1964,SUM4,Jamesoniella rubricaulis,1
1965,SUM4,Kurzia capillaris,1
1966,SUM4,Paepalanthus lodicoloides,3
1967,SUM4,Pernettya prostrata,3
1968,SUM4,Puya santonii,3
1969,SUM4,Rhacoccarpus purpurascens,4
1970,SUM4,Riccardia columbica,3
1971,SUM4,Sphagnum compactum,3
1972,SUM4,Sphagnum magellanicum,3
1973,SUM4,Sphagnum sancto-josephense,7
1974,SUM4,Xyris subulata,1
1975,SUM5,Arcytophyllum muticum,11
1976,SUM5,Breutelia chrysea ,5
1977,SUM5,Calamagrostis effussa,3
1978,SUM5,Campylopus cuspidatus,3
1979,SUM5,Campylopus trichophylloides,5
1980,SUM5,Cardamine bonariensis,1
1981,SUM5,Cephalozia sp,1
1982,SUM5,Cortaderia nitida,6
1983,SUM5,Disterigma alaternoides,5
1984,SUM5,Galium ascendens,2
1985,SUM5,Geranium multiceps,1
1986,SUM5,Halenia gunerifolia,1
1987,SUM5,Hypericum juniperinum,5
1988,SUM5,Hypnum cupressiforme,10
1989,SUM5,Lachemilla sp,1
1990,SUM5,Lophocolea sp2,1
1991,SUM5,Plachiochila sp,6
1992,SUM5,Pleurozium schreberi,1
1993,SUM5,Sphagnum oxyphyllum,1
1994,SUM5,Sphagnum sancto-josephense,3
1995,SUM6,Anastrophyllum nigrescens,1
1996,SUM6,Arcytophyllum muticum,1
1997,SUM6,Blechnum loxense,1
1998,SUM6,Breutelia chrysea ,4
1999,SUM6,Bryum laevigatum,1
2000,SUM6,Calamagrostis effussa,1
2001,SUM6,Campylopus cuspidatus,3
2002,SUM6,Campylopus trichophylloides,3
2003,SUM6,Cardamine bonariensis,2
2004,SUM6,Cephalozia sp,4
2005,SUM6,Cortaderia nitida,18
2006,SUM6,Didymodon rigidulus,1
2007,SUM6,Disterigma alaternoides,4
2008,SUM6,Erythrophyllastrum andinum,2
2009,SUM6,Gymnostomum aeruginosum,1
2010,SUM6,Lachemilla mandoniana,1
2011,SUM6,Leptodontium flexifolium,1
2012,SUM6,Lophocolea sp,1
2013,SUM6,Lophozia cf anomala,1
2014,SUM6,Noteroclada confluens,2
2015,SUM6,Riccardia paramorum,1
2016,SUM6,Selaginella sp,1
2017,SUM6,Solenostoma sphaerocarpoidea,1
2018,SUM6,Sphagnum compactum,1
2019,SUM6,Sphagnum magellanicum,1
2020,SUM6,Sphagnum sancto-josephense,8
2021,SUM6,Stephaniella paraphyllina,1
2022,SUM6,Symphyogyna podophylla,1
2023,SUM6,Valeriana plantaginaceae,1
2024,SUM7,Brachytecium austroglareosum,3
2025,SUM7,Calamagrostis fibrovaginata,8
2026,SUM7,Campylopus nivalis,3
2027,SUM7,Cortaderia nitida,6
2028,SUM7,Hypochaeris sp3,1
2029,SUM7,Sphagnum sancto-josephense,15
2030,SUM7,Valeriana plantaginaceae,4
2031,SUM7,Warnstorfia exannulata,3
2032,SUM8,Anastrophyllum nigrescens,1
2033,SUM8,Anthoceros sp,3
2034,SUM8,Arcytophyllum muticum,1
2035,SUM8,Breutelia chrysea ,5
2036,SUM8,Calamagrostis effussa,1
2037,SUM8,Campylopus edithae,1
2038,SUM8,Campylopus nivalis,3
2039,SUM8,Campylopus trichophylloides,1
2040,SUM8,Cardamine bonariensis,1
2041,SUM8,Cortaderia nitida,3
2042,SUM8,Disterigma alaternoides,6
2043,SUM8,Galium ascendens,1
2044,SUM8,Lachemilla mandoniana,1
2045,SUM8,Pleurozium schreberi,5
2046,SUM8,Ribes sp,3
2047,SUM8,Riccardia paramorum,3
2048,SUM8,Sphagnum compactum,4
2049,SUM8,Sphagnum magellanicum,3
2050,SUM8,Sphagnum sancto-josephense,15
2051,SUM8,Valeriana plantaginaceae,1
2052,SUM9,Breutelia chrysea ,9
2053,SUM9,Calamagrostis effussa,2
2054,SUM9,Campylopus cuspidatus,3
2055,SUM9,Campylopus nivalis,4
2056,SUM9,Cortaderia nitida,3
2057,SUM9,Dicranum frigidum,1
2058,SUM9,Disterigma alaternoides,4
2059,SUM9,Huperzia crassa,1
2060,SUM9,Isotachis multiceps,5
2061,SUM9,Lachemilla mandoniana,1
2062,SUM9,Lepidozia macrocolea,2
2063,SUM9,Lycopodiella glaucescens,4
2064,SUM9,Lysipomia sphagnophila,1
2065,SUM9,Muhlenbergia fastigiata,1
2066,SUM9,Nertera granadensis,1
2067,SUM9,Oreobolus cleefi,5
2068,SUM9,Pentacalia vaccinioides,1
2069,SUM9,Pleurozium schreberi,8
2070,SUM9,puya killipi,5
2071,SUM9,Riccardia paramorum,2
2072,SUM9,Sphagnum magellanicum,3
2073,SUM9,Sphagnum sancto-josephense,9
2074,SUM9,Werneria pygmaea,1
2075,TOL1,Anthoxanthum odoratum,1
2076,TOL1,Bartsia sp,2
2077,TOL1,Brachytecium austroglareosum,4
2078,TOL1,Bryum argenteum,3
2079,TOL1,Calamagrostis effussa,8
2080,TOL1,Campylium polygamum ,6
2081,TOL1,Campylophyllum halleri,2
2082,TOL1,Cariophyllum sp,13
2083,TOL1,Drepanocladus aduncus,1
2084,TOL1,Hydrocotile gunnerifolia,6
2085,TOL1,Marchantia berteroana,9
2086,TOL1,Polytrichum commune,3
2087,TOL1,Rhynchospora oreoboloidea,1
2088,TOL1,Riccardia paramorum,3
2089,TOL1,Rumex tolimensis,2
2090,TOL1,Senecio formosoides,2
2091,TOL1,Valeriana plantaginaceae,2
2092,TOL2,Calamagrostis effussa,16
2093,TOL2,Campylopus nivalis,1
2094,TOL2,Carex bomplandii,1
2095,TOL2,Cephalozia sp,1
2096,TOL2,Cortaderia nitida,1
2097,TOL2,Lepidozia macrocolea,3
2098,TOL2,Pernettya prostrata,4
2099,TOL2,Plantago rigida,1
2100,TOL2,Riccardia paramorum,2
2101,TOL2,Sphagnum tenerum,11
2102,TOL3,Campylopus nivalis,20
2103,TOL3,Carex bomplandii,8
2104,TOL3,Cortaderia nitida,2
2105,TOL3,Jamesonia sp,1
2106,TOL3,Pernettya prostrata,6
2107,TOL4,Calamagrostis effussa,3
2108,TOL4,Campylopus cuspidatus,3
2109,TOL4,Campylopus nivalis,3
2110,TOL4,Carex pygmaea,13
2111,TOL4,Cephalozia sp,2
2112,TOL4,Cortaderia nitida,1
2113,TOL4,Distichia muscoides,6
2114,TOL4,Hypericum juniperinum,1
2115,TOL4,Lepidozia macrocolea,1
2116,TOL4,Lobatiriccardia sp,1
2117,TOL4,Pentacalia vaccinioides,1
2118,TOL4,Pernettya prostrata,4
2119,TOL4,Riccardia columbica,4
2120,TOL4,Riccardia paramorum,5
2121,TOL4,Sphagnum magellanicum,3
2122,TOL4,Sphagnum tenerum,13
2123,TOL5,Anastrophyllum nigrescens,1
2124,TOL5,Calamagrostis effussa,10
2125,TOL5,Calamagrostis fibrovaginata,8
2126,TOL5,Campylopus nivalis,8
2127,TOL5,Espeletia grandiflora,2
2128,TOL5,Marsupella sp,5
2129,TOL5,Plantago rigida,1
2130,TOL5,Riccardia paramorum,5
2131,TOL5,Sphagnum sancto-josephense,1
2132,TOL5,Sphagnum tenerum,11
2133,YAR1,Ageratina tinifolia,1
2134,YAR1,Bacharis tricuneata,4
2135,YAR1,Blechnum loxense,3
2136,YAR1,Calamagrostis effussa,1
2137,YAR1,Isoetes sp,1
2138,YAR1,Juncus effusus,1
2139,YAR1,Lycopodiella glaucescens,1
2140,YAR1,Nertera granadensis,4
2141,YAR1,Paepalanthus colombianus,1
2142,YAR1,Sphagnum angustifolium,11
2143,YAR1,Sphagnum capillifolium,9
2144,YAR1,Utricularia sp,3
2145,YAR1,Xyris subulata,1
2146,YAR2,Ageratina tinifolia,4
2147,YAR2,Blechnum loxense,9
2148,YAR2,Cortaderia nitida,6
2149,YAR2,Diplostephium sp,3
2150,YAR2,Paepalanthus lodicoloides,11
2151,YAR2,Sphagnum oxyphyllum,19
2152,YAR3,Ageratina tinifolia,1
2153,YAR3,Riccardia paramorum,3
2154,YAR3,Sphagnum oxyphyllum,5
2155,YAR3,Sphagnum sancto-josephense,18
2156,YAR3,Utricularia sp,3